Id,Price,Age_08_04,Mfg_Month,Mfg_Year,KM,Fuel_Type,HP,Met_Color,Color,Automatic,cc,Doors,Cylinders,Gears,Quarterly_Tax,Weight
1,13500,23,10,2002,46986,Diesel,90,1,Blue,0,2000,3,4,5,210,1165
2,13750,23,10,2002,72937,Diesel,90,1,Silver,0,2000,3,4,5,210,1165
3,13950,24,9,2002,41711,Diesel,90,1,Blue,0,2000,3,4,5,210,1165
4,14950,26,7,2002,48000,Diesel,90,0,Black,0,2000,3,4,5,210,1165
5,13750,30,3,2002,38500,Diesel,90,0,Black,0,2000,3,4,5,210,1170
6,12950,32,1,2002,61000,Diesel,90,0,White,0,2000,3,4,5,210,1170
7,16900,27,6,2002,94612,Diesel,90,1,Grey,0,2000,3,4,5,210,1245
8,18600,30,3,2002,75889,Diesel,90,1,Grey,0,2000,3,4,5,210,1245
9,21500,27,6,2002,19700,Petrol,192,0,Red,0,1800,3,4,5,100,1185
10,12950,23,10,2002,71138,Diesel,69,0,Blue,0,1900,3,4,5,185,1105
11,20950,25,8,2002,31461,Petrol,192,0,Silver,0,1800,3,4,6,100,1185
12,19950,22,11,2002,43610,Petrol,192,0,Red,0,1800,3,4,6,100,1185
13,19600,25,8,2002,32189,Petrol,192,0,Red,0,1800,3,4,6,100,1185
14,21500,31,2,2002,23000,Petrol,192,1,Black,0,1800,3,4,6,100,1185
15,22500,32,1,2002,34131,Petrol,192,1,Grey,0,1800,3,4,6,100,1185
16,22000,28,5,2002,18739,Petrol,192,0,Grey,0,1800,3,4,6,100,1185
17,22750,30,3,2002,34000,Petrol,192,1,Grey,0,1800,3,4,5,100,1185
18,17950,24,9,2002,21716,Petrol,110,1,Blue,0,1600,3,4,5,85,1105
19,16750,24,9,2002,25563,Petrol,110,0,Grey,0,1600,3,4,5,19,1065
20,16950,30,3,2002,64359,Petrol,110,1,Grey,0,1600,3,4,5,85,1105
21,15950,30,3,2002,67660,Petrol,110,1,Blue,0,1600,3,4,5,85,1105
22,16950,29,4,2002,43905,Petrol,110,0,Grey,1,1600,3,4,5,100,1170
23,15950,28,5,2002,56349,Petrol,110,1,Black,0,1600,3,4,5,85,1120
24,16950,28,5,2002,32220,Petrol,110,1,Black,0,1600,3,4,5,85,1120
25,16250,29,4,2002,25813,Petrol,110,1,Grey,0,1600,3,4,5,85,1120
26,15950,25,8,2002,28450,Petrol,110,1,Blue,0,1600,3,4,5,85,1120
27,17495,27,6,2002,34545,Petrol,110,1,Blue,0,1600,3,4,5,85,1120
28,15750,29,4,2002,41415,Petrol,110,1,Black,0,1600,3,4,5,85,1120
29,16950,28,5,2002,44142,Petrol,110,0,Grey,0,1600,3,4,5,85,1120
30,17950,30,3,2002,11090,Petrol,110,1,Blue,0,1600,3,4,5,85,1120
31,12950,29,4,2002,9750,Petrol,97,1,Silver,0,1400,3,4,5,19,1100
32,15750,22,11,2002,35199,Petrol,97,1,Blue,0,1400,3,4,5,85,1100
33,15950,27,6,2002,29510,Petrol,97,1,Black,0,1400,3,4,5,85,1100
34,14950,26,7,2002,32692,Petrol,97,1,Grey,0,1400,3,4,5,85,1100
35,15500,22,11,2002,41000,Petrol,97,1,Grey,0,1400,3,4,5,85,1100
36,15750,26,7,2002,43000,Petrol,97,0,Grey,0,1400,3,4,5,85,1100
37,15950,25,8,2002,25000,Petrol,97,0,Grey,0,1400,3,4,5,85,1100
38,14950,23,10,2002,10000,Petrol,97,1,Blue,0,1400,3,4,5,85,1100
39,15750,32,1,2002,25329,Petrol,97,1,Green,0,1400,3,4,5,85,1100
40,14750,27,6,2002,27500,Petrol,97,0,Blue,0,1400,3,4,5,85,1100
41,13950,22,11,2002,49059,Petrol,97,0,Blue,0,1400,3,4,5,85,1100
42,16750,27,6,2002,44068,Petrol,97,1,Red,0,1400,3,4,5,85,1100
43,13950,22,11,2002,46961,Petrol,97,0,Blue,0,1400,3,4,5,85,1100
44,16950,27,6,2002,110404,Diesel,90,0,Red,0,2000,5,4,5,234,1255
45,16950,22,11,2002,100250,Diesel,90,0,Red,0,2000,5,4,5,234,1255
46,19000,23,10,2002,84000,Diesel,90,0,Red,0,2000,5,4,5,234,1270
47,17950,27,6,2002,79375,Diesel,90,1,Grey,0,2000,5,4,5,234,1255
48,15800,22,11,2002,75048,Petrol,97,1,Blue,0,1400,5,4,5,85,1110
49,17950,22,11,2002,72215,Diesel,90,1,Grey,0,2000,5,4,5,234,1255
50,21950,31,2,2002,64982,Petrol,192,1,Grey,0,1800,5,4,6,100,1195
51,17950,22,11,2002,62636,Diesel,90,1,Grey,0,2000,5,4,5,234,1255
52,15750,30,3,2002,57086,Petrol,97,1,Grey,0,1400,5,4,5,85,1110
53,20500,26,7,2002,56000,Petrol,110,1,Blue,1,1600,5,4,5,100,1180
54,21950,27,6,2002,49866,Petrol,192,1,Green,0,1800,5,4,5,100,1195
55,15500,25,8,2002,49163,Petrol,110,0,Green,1,1600,5,4,5,100,1165
56,13250,32,1,2002,45725,Petrol,110,1,Black,0,1600,5,4,5,85,1075
57,15250,28,5,2002,43210,Petrol,97,0,Grey,0,1400,5,4,5,85,1110
58,15250,26,7,2002,43000,Petrol,97,0,Grey,0,1400,5,4,5,85,1110
59,18950,23,10,2002,39704,Petrol,110,1,Blue,1,1600,5,4,5,100,1180
60,15999,30,3,2002,38950,Petrol,110,1,Red,0,1600,5,4,5,85,1130
61,14950,22,11,2002,37400,Petrol,97,1,Black,0,1400,5,4,5,85,1110
62,16500,27,6,2002,37177,Petrol,110,0,Red,0,1600,5,4,5,85,1130
63,18750,31,2,2002,36544,Petrol,110,1,Blue,0,1600,5,4,5,85,1130
64,17950,30,3,2002,33511,Petrol,110,1,Blue,0,1600,5,4,5,85,1130
65,17950,27,6,2002,32809,Petrol,97,1,Black,0,1400,5,4,5,85,1110
66,16950,26,7,2002,32181,Petrol,110,1,Blue,0,1600,5,4,5,19,1075
67,18950,28,5,2002,30993,Petrol,110,1,Black,0,1600,5,4,5,85,1130
68,14950,22,11,2002,30400,Petrol,97,1,Grey,0,1400,5,4,5,85,1110
69,22250,22,11,2002,30000,Diesel,110,1,Grey,0,2000,5,4,5,234,1275
70,15950,25,8,2002,29719,Petrol,97,1,Black,0,1400,5,4,5,85,1110
71,15950,28,5,2002,29206,Petrol,97,1,Grey,0,1400,5,4,5,85,1110
72,12995,32,1,2002,29198,Petrol,97,1,Grey,0,1400,5,4,5,85,1060
73,18950,28,5,2002,28817,Petrol,110,1,Grey,0,1598,5,4,5,85,1130
74,15750,23,10,2002,28227,Petrol,97,1,Grey,0,1400,5,4,5,85,1110
75,19950,28,5,2002,28000,Petrol,110,0,Black,0,1600,5,4,5,85,1130
76,16950,23,10,2002,28000,Petrol,110,1,Grey,0,1600,5,4,5,85,1115
77,18750,31,2,2002,25266,Petrol,110,1,Grey,0,1600,5,4,5,85,1130
78,18450,27,6,2002,23489,Petrol,110,0,Silver,0,1600,5,4,5,85,1115
79,16895,29,4,2002,22575,Petrol,110,1,Grey,0,1600,5,4,5,85,1115
80,14900,30,3,2002,22000,Petrol,97,1,Grey,0,1400,5,4,5,85,1110
81,18950,25,8,2002,20019,Petrol,110,1,Blue,1,16000,5,4,5,100,1180
82,17250,29,4,2002,20000,Petrol,110,1,Grey,0,1600,5,4,5,85,1115
83,15450,25,8,2002,17003,Petrol,97,1,Grey,0,1400,5,4,5,85,1110
84,17950,31,2,2002,16238,Petrol,110,1,Blue,1,1600,5,4,5,100,1180
85,16650,25,8,2002,15414,Petrol,97,1,Grey,0,1400,5,4,5,85,1110
86,17450,28,5,2002,8537,Petrol,110,1,Grey,0,1600,5,4,5,85,1130
87,14900,30,3,2002,7000,Petrol,97,1,Silver,0,1400,5,4,5,85,1100
88,17950,20,1,2003,66966,Diesel,90,1,Blue,0,2000,3,4,5,210,1245
89,15950,19,2,2003,51884,Petrol,97,1,Grey,0,1400,3,4,5,85,1100
90,21950,19,2,2003,50005,Diesel,110,1,Grey,0,2000,3,4,5,234,1265
91,16450,20,1,2003,48110,Petrol,97,1,Black,0,1400,3,4,5,85,1100
92,22250,20,1,2003,37500,Diesel,90,1,Black,0,2000,3,4,5,234,1260
93,19950,16,5,2003,34472,Diesel,90,1,Grey,0,1995,3,4,5,234,1260
94,15950,20,1,2003,33329,Petrol,97,1,Grey,0,1400,3,4,5,85,1100
95,18900,20,1,2003,31850,Petrol,110,0,Black,0,1600,3,4,5,85,1120
96,19950,17,4,2003,30351,Diesel,90,1,Blue,0,1995,3,4,5,234,1260
97,15950,19,2,2003,29435,Petrol,97,1,Black,0,1400,3,4,5,85,1100
98,15950,19,2,2003,25948,Petrol,97,1,Blue,0,1400,3,4,5,85,1100
99,18750,11,10,2003,24500,Petrol,110,1,Blue,0,1600,3,4,5,85,1120
100,17450,18,3,2003,23902,Petrol,97,1,Grey,0,1400,3,4,5,85,1100
101,18990,20,1,2003,23175,Petrol,110,1,Grey,0,1600,3,4,5,85,1120
102,16250,19,2,2003,19200,Petrol,97,1,Blue,0,1400,3,4,5,85,1100
103,18500,13,8,2003,18000,Petrol,71,0,Grey,0,1400,3,4,5,85,1125
104,18500,11,10,2003,16123,Petrol,110,1,Grey,0,1600,3,4,5,85,1105
105,19450,11,10,2003,14635,Petrol,110,1,Blue,1,1600,3,4,5,100,1155
106,16950,19,2,2003,13748,Petrol,97,1,Green,0,1400,3,4,5,85,1100
107,18800,14,7,2003,11500,Petrol,110,1,Blue,0,1600,3,4,5,69,1045
108,17450,17,4,2003,10000,Petrol,97,1,Grey,0,1400,3,4,5,85,1100
109,17950,20,1,2003,7187,Petrol,110,1,Blue,0,1600,3,4,5,85,1105
111,32500,4,5,2004,1,Diesel,116,0,Grey,0,2000,5,4,5,283,1480
112,31000,4,5,2004,4000,Diesel,116,1,Grey,0,2000,5,4,5,283,1480
113,31275,4,5,2004,1500,Diesel,116,1,Grey,0,2000,5,4,5,283,1480
114,24950,8,1,2004,13253,Diesel,116,1,Grey,0,2000,5,4,5,234,1320
115,24950,8,1,2004,13253,Diesel,116,1,Grey,0,2000,5,4,5,234,1320
116,22950,7,2,2004,10000,Diesel,116,1,Silver,0,2000,5,4,5,234,1270
117,24990,8,1,2004,6000,Diesel,90,1,Grey,0,2000,5,4,5,234,1280
118,21950,8,1,2004,10841,Diesel,90,1,Grey,0,2000,5,4,5,234,1270
119,17900,7,2,2004,1,Petrol,110,1,Grey,0,1600,3,4,5,85,1105
120,19250,20,1,2003,63000,Diesel,90,1,Blue,0,2000,5,4,5,234,1255
121,22250,17,4,2003,57313,Diesel,110,1,Blue,0,2000,5,4,5,234,1275
122,18950,13,8,2003,57037,Petrol,110,0,Silver,0,1600,5,4,5,85,1115
123,19950,19,2,2003,51099,Diesel,90,1,Silver,0,2000,5,4,5,234,1255
124,16350,14,7,2003,40010,Petrol,110,1,Black,0,1600,5,4,5,85,1115
125,18950,20,1,2003,39115,Petrol,110,1,Blue,0,1600,5,4,5,85,1130
126,16950,17,4,2003,36012,Petrol,110,0,Red,0,1600,5,4,5,85,1130
127,21750,16,5,2003,36000,Petrol,110,1,Black,0,1600,5,4,5,85,1130
128,15950,20,1,2003,36000,Petrol,110,1,Blue,0,1600,5,4,5,19,1075
129,16500,20,1,2003,35000,Petrol,97,1,Blue,0,1400,5,4,5,85,1110
130,17950,17,4,2003,33740,Petrol,97,1,Blue,0,1400,5,4,5,85,1135
131,15850,13,8,2003,33477,Petrol,110,1,Black,0,1600,5,4,5,19,1075
132,16250,20,1,2003,32627,Petrol,97,1,Grey,0,1400,5,4,5,85,1110
133,15950,20,1,2003,29797,Petrol,97,1,Blue,0,1400,5,4,5,85,1110
134,16250,19,2,2003,29441,Petrol,97,1,Blue,0,1400,5,4,5,85,1110
135,15950,13,8,2003,29371,Petrol,110,1,Black,0,1600,4,4,5,19,1105
136,16500,20,1,2003,29000,Petrol,97,0,Blue,0,1400,5,4,5,85,1110
137,16500,19,2,2003,27821,Petrol,97,0,Grey,0,1400,5,4,5,85,1110
138,18450,19,2,2003,27371,Petrol,97,0,Black,0,1400,5,4,5,85,1135
139,16250,13,8,2003,25170,Petrol,110,1,Black,0,1600,5,4,5,19,1105
140,23000,11,10,2003,25000,Diesel,116,1,Grey,0,2000,5,4,5,64,1320
141,19900,20,1,2003,23000,Petrol,110,1,Blue,0,1600,5,4,5,85,1130
142,16450,20,1,2003,22588,Petrol,97,1,Silver,0,1400,5,4,5,85,1110
143,23950,19,2,2003,21684,Petrol,192,1,Silver,0,1800,5,4,5,19,1185
144,19950,13,8,2003,21428,Petrol,110,1,Black,0,1600,5,4,5,85,1130
145,18500,16,5,2003,20629,Petrol,110,1,Grey,0,1600,4,4,5,85,1090
146,18950,15,6,2003,20270,Petrol,110,1,Blue,0,1600,5,4,5,85,1130
147,16450,16,5,2003,20105,Petrol,97,0,Black,0,1400,5,4,5,85,1110
148,20500,20,1,2003,20000,Petrol,110,0,Blue,1,1600,5,4,5,100,1165
149,24500,13,8,2003,19988,Petrol,110,1,Grey,0,1600,5,4,5,85,1130
150,19450,19,2,2003,18328,Petrol,110,0,Grey,0,1600,5,4,5,85,1130
151,20950,14,7,2003,17896,Petrol,110,1,Silver,1,1600,4,4,5,85,1150
152,17200,20,1,2003,17300,Petrol,97,1,Grey,0,1400,5,4,5,85,1110
153,19950,19,2,2003,17038,Petrol,110,0,Black,0,1600,5,4,5,85,1130
154,18450,10,11,2003,13747,Petrol,97,1,Black,0,1400,5,4,5,85,1110
155,19500,12,9,2003,13634,Petrol,110,1,Silver,0,1600,5,4,5,85,1115
156,21750,13,8,2003,13178,Petrol,110,1,Black,0,1600,5,4,5,85,1130
157,16868,15,6,2003,13157,Petrol,97,1,Blue,0,1400,4,4,5,85,1085
158,19500,16,5,2003,13000,Petrol,110,1,Grey,0,1600,4,4,5,85,1105
159,18900,11,10,2003,12500,Petrol,110,1,Blue,0,1600,5,4,5,85,1115
160,19750,17,4,2003,11999,Petrol,110,1,Grey,0,1600,5,4,5,85,1130
161,19750,16,5,2003,11754,Petrol,110,0,Grey,1,1600,5,4,5,100,1180
162,18950,16,5,2003,11000,Petrol,110,1,Blue,0,1600,4,4,5,85,1105
163,20750,17,4,2003,10000,Petrol,110,0,Silver,0,1598,5,4,5,85,1105
164,19600,9,12,2003,7650,Petrol,110,1,Silver,0,1600,5,4,5,85,1115
165,19500,14,7,2003,6500,Petrol,110,1,Silver,0,1600,4,4,5,85,1100
166,17650,11,10,2003,6155,Petrol,97,1,Blue,0,1400,5,4,5,85,1110
167,19950,14,7,2003,6000,Petrol,110,0,Blue,0,1600,5,4,5,85,1130
168,19950,14,7,2003,5459,Petrol,110,1,Grey,0,1600,5,4,5,85,1130
169,20950,14,7,2003,5278,Petrol,110,1,Silver,1,1600,4,4,5,85,1150
170,20500,12,9,2003,5000,Petrol,110,1,Black,0,1600,5,4,5,85,1130
171,17795,9,12,2003,1,Petrol,98,1,Silver,0,1400,4,4,5,19,1065
172,18245,9,12,2003,1,Petrol,110,1,Grey,0,1600,5,4,5,19,1075
173,23750,8,1,2004,11000,Petrol,110,1,Blue,0,1600,5,4,5,85,1130
174,19500,8,1,2004,10077,Petrol,97,1,Black,0,1400,5,4,5,85,1110
175,18950,8,1,2004,10000,Petrol,97,1,Grey,0,1400,5,4,5,85,1110
176,21950,8,1,2004,9788,Petrol,110,1,Silver,0,1600,5,4,5,85,1130
177,19950,8,1,2004,8574,Petrol,110,1,Black,0,1600,5,4,5,85,1130
178,18950,8,1,2004,7000,Petrol,110,0,Grey,0,1600,5,4,5,85,1115
179,19950,7,2,2004,6250,Petrol,110,1,Grey,0,1600,5,4,5,85,1115
180,21950,8,1,2004,5000,Petrol,110,1,Grey,0,1600,5,4,5,85,1130
181,22500,6,3,2004,3000,Petrol,110,0,Black,0,1600,5,4,5,85,1130
182,18500,7,2,2004,2000,Petrol,110,0,Red,0,1600,5,4,5,19,1075
183,18700,7,2,2004,450,Petrol,97,1,Grey,0,1400,5,4,5,85,1110
184,21125,2,7,2004,225,Petrol,97,1,Blue,0,1400,5,4,5,85,1110
185,21500,2,7,2004,15,Petrol,110,1,Blue,0,1600,5,4,5,85,1130
186,17795,1,8,2004,1,Petrol,98,1,Grey,0,1400,4,4,5,19,1100
187,18245,1,8,2004,1,Petrol,110,1,Grey,0,1600,5,4,5,19,1075
188,6950,43,2,2001,243000,Diesel,69,0,White,0,1900,3,4,5,185,1110
189,9500,38,7,2001,180638,Diesel,90,0,Red,0,2000,4,4,5,210,1160
190,11950,40,5,2001,179860,Diesel,90,1,Blue,0,2000,5,4,5,210,1205
191,7750,43,2,2001,178858,CNG,110,0,White,0,1600,3,4,5,197,1084
192,11950,40,5,2001,161000,Diesel,69,1,Grey,0,1900,3,4,5,185,1105
193,4350,44,1,2001,158320,Diesel,69,0,White,0,1800,5,4,5,64,1110
194,4750,44,1,2001,131273,Diesel,69,1,Silver,0,1800,5,4,5,64,1110
195,11750,40,5,2001,130062,Diesel,69,1,Red,0,1900,5,4,5,185,1140
196,13250,41,4,2001,123425,Diesel,69,1,Blue,0,1900,5,4,5,185,1140
197,11950,37,8,2001,118217,Petrol,110,1,Red,0,1600,5,4,5,85,1075
198,11900,44,1,2001,110000,Diesel,69,1,Silver,0,1900,5,4,5,185,1095
199,14750,39,6,2001,108847,Diesel,90,1,Blue,0,2000,5,4,5,210,1205
200,9950,42,3,2001,105699,Petrol,97,1,Grey,0,1400,3,4,5,69,1025
201,11950,39,6,2001,98823,CNG,110,1,Blue,0,1600,5,4,5,197,1119
202,11495,44,1,2001,96829,Petrol,110,1,Red,0,1600,5,4,5,85,1075
203,11250,40,5,2001,96518,Petrol,97,1,Red,0,1400,3,4,5,69,1025
204,10500,42,3,2001,92204,Petrol,110,1,Grey,0,1600,5,4,5,85,1075
205,10450,35,10,2001,91456,Diesel,69,1,Red,0,1900,3,4,5,185,1110
206,12950,43,2,2001,89968,Diesel,69,1,Green,0,1900,5,4,5,185,1140
207,11500,44,1,2001,89757,Petrol,110,1,Black,0,1600,3,4,5,69,1045
208,12500,40,5,2001,85389,Petrol,110,1,Silver,0,1600,5,4,5,85,1075
209,10950,43,2,2001,85017,Petrol,97,0,Red,0,1400,5,4,5,85,1060
210,11450,41,4,2001,84312,Petrol,110,0,Grey,0,1600,5,4,5,85,1080
211,11950,37,8,2001,82743,CNG,110,1,Green,0,1600,5,4,5,197,1121
212,13250,41,4,2001,81106,Diesel,69,1,Black,0,1900,5,4,5,185,1140
213,14750,40,5,2001,80425,Diesel,90,1,Grey,0,2000,5,4,5,210,1205
214,11790,34,11,2001,78677,Petrol,110,1,Blue,1,1600,5,4,5,85,1105
215,11450,40,5,2001,78425,Petrol,110,1,Blue,0,1600,5,4,5,85,1075
216,13500,33,12,2001,78108,Diesel,90,1,Grey,0,2000,3,4,5,210,1170
217,10950,33,12,2001,77321,Petrol,110,1,Grey,0,1600,5,4,5,85,1075
218,13500,33,12,2001,75699,Diesel,69,0,Green,0,1900,3,4,5,185,1105
219,10950,41,4,2001,75697,Petrol,97,1,Silver,0,1400,3,4,5,69,1025
220,10950,44,1,2001,74846,Petrol,97,1,Black,0,1400,3,4,5,69,1025
221,12950,38,7,2001,74319,Petrol,110,1,Black,0,1600,5,4,5,85,1075
222,11950,43,2,2001,74285,Petrol,110,1,Blue,0,1600,5,4,5,85,1075
223,12450,44,1,2001,74172,Petrol,110,1,Black,0,1600,5,4,5,163,1615
224,11950,40,5,2001,73042,Petrol,110,1,Blue,0,1598,5,4,5,85,1075
225,14950,44,1,2001,71793,CNG,110,1,Red,0,1600,4,4,5,197,1067
226,12450,35,10,2001,71200,Petrol,110,1,Green,0,1600,5,4,5,85,1075
227,12950,38,7,2001,67805,Petrol,110,1,Blue,0,1600,5,4,5,85,1075
228,11950,35,10,2001,65988,Petrol,110,1,Blue,0,1600,3,4,5,69,1040
229,11690,34,11,2001,65345,Petrol,97,1,Red,0,1400,5,4,5,85,1060
230,12450,42,3,2001,64564,Petrol,110,1,Silver,0,1600,5,4,5,85,1080
231,12750,36,9,2001,63459,Petrol,97,1,Green,0,1400,5,4,5,85,1060
232,11925,44,1,2001,63451,Petrol,97,0,Black,0,1400,3,4,5,69,1025
233,12950,33,12,2001,62000,Petrol,110,1,Green,0,1600,5,4,5,19,1075
234,11950,42,3,2001,61300,Petrol,97,1,Blue,0,1400,3,4,5,69,1030
235,12900,41,4,2001,61200,Petrol,110,1,Blue,0,1600,3,4,5,69,1045
236,11900,41,4,2001,61000,Petrol,110,0,Red,0,1600,5,4,5,85,1075
237,11650,38,7,2001,60829,Petrol,110,1,Blue,0,1600,5,4,5,85,1075
238,10950,44,1,2001,60500,Petrol,110,0,Red,0,1600,5,4,5,85,1075
239,13950,35,10,2001,59500,Diesel,69,1,Silver,0,1900,3,4,5,64,1110
240,13950,44,1,2001,59000,Petrol,110,0,Grey,1,1600,5,4,5,85,1110
241,11950,40,5,2001,58954,Petrol,110,1,Green,0,1600,5,4,5,85,1080
242,10950,38,7,2001,58798,Petrol,110,1,Grey,0,1600,5,4,5,85,1075
243,12450,38,7,2001,58363,Petrol,110,1,Black,0,1600,3,4,5,85,1055
244,11950,43,2,2001,58277,Petrol,110,1,Grey,0,1600,3,4,5,69,1045
245,13500,33,12,2001,57711,Diesel,90,1,Green,0,2000,3,4,5,210,1165
246,11690,33,12,2001,57269,Petrol,110,1,Green,0,1600,5,4,5,85,1075
247,13500,39,6,2001,56001,Petrol,110,1,Black,0,1600,5,4,5,85,1075
248,11950,42,3,2001,55968,Petrol,110,0,Blue,0,1600,3,4,5,69,1050
249,12900,39,6,2001,55678,Petrol,110,1,Blue,0,1600,4,4,5,69,1030
250,13500,43,2,2001,55539,Petrol,110,1,Red,0,1600,5,4,5,85,1085
251,11750,42,3,2001,55400,Petrol,110,0,Red,0,1600,5,4,5,85,1075
252,11750,33,12,2001,55350,Petrol,110,0,Green,0,1600,5,4,5,85,1075
253,10850,43,2,2001,54600,Petrol,110,0,Blue,0,1600,4,4,5,69,1030
254,11750,43,2,2001,53773,Petrol,110,1,Grey,0,1600,5,4,5,85,1075
255,14950,42,3,2001,53719,Petrol,110,1,Grey,1,1600,5,4,5,85,1105
256,9940,39,6,2001,53644,Petrol,110,1,Green,0,1600,5,4,5,19,1075
257,12900,42,3,2001,53350,Petrol,110,0,Black,0,1600,5,4,5,85,1075
258,13500,38,7,2001,53000,Petrol,110,1,Silver,0,1600,5,4,5,85,1075
259,11750,44,1,2001,52084,Petrol,97,1,Yellow,0,1400,3,4,5,69,1025
260,11950,44,1,2001,52000,Petrol,97,0,Black,0,1400,3,4,5,69,1025
261,13450,33,12,2001,51945,Petrol,110,1,Green,0,1600,5,4,5,85,1075
262,11950,41,4,2001,51732,Petrol,97,1,Green,0,1400,3,4,5,69,1025
263,12495,39,6,2001,50873,Petrol,110,1,Blue,0,1600,5,4,5,85,1075
264,13500,41,4,2001,50856,Petrol,110,0,Green,0,1600,4,4,5,69,1030
265,12750,40,5,2001,50640,Petrol,110,1,Blue,0,1600,5,4,5,85,1075
266,12000,39,6,2001,50000,Petrol,97,1,Black,0,1400,5,4,5,85,1060
267,11950,38,7,2001,49500,Petrol,110,1,Blue,0,1600,5,4,5,85,1075
268,12495,44,1,2001,49332,Petrol,110,1,Red,0,1600,5,4,5,85,1080
269,12450,34,11,2001,49291,Petrol,110,1,Black,0,1600,3,4,5,69,1040
270,14750,40,5,2001,48952,Diesel,90,1,Blue,0,2000,5,4,5,210,1205
271,10950,39,6,2001,48945,Petrol,110,0,Red,0,1600,3,4,5,69,1040
272,13500,33,12,2001,48928,Diesel,69,1,Grey,0,1900,3,4,5,185,1105
273,12950,38,7,2001,48197,Petrol,110,1,Black,0,1600,5,4,5,85,1075
274,13500,35,10,2001,48052,Diesel,69,1,Grey,0,1900,3,4,5,185,1105
275,13450,34,11,2001,48011,Petrol,110,1,Blue,0,1600,4,4,5,69,1030
276,13500,43,2,2001,48000,Petrol,110,1,Red,0,1600,5,4,5,85,1075
277,11480,41,4,2001,47350,Petrol,110,1,Grey,0,1600,5,4,5,85,1075
278,13450,39,6,2001,46821,Petrol,97,1,Red,0,1400,5,4,5,85,1060
279,11495,39,6,2001,46694,Petrol,110,0,Red,0,1600,3,4,5,69,1040
280,12750,43,2,2001,46515,Petrol,97,0,Red,0,1400,5,4,5,69,1025
281,14990,38,7,2001,46327,Petrol,110,1,Black,0,1600,3,4,5,85,1055
282,12950,35,10,2001,46304,Petrol,97,1,Green,0,1400,5,4,5,85,1060
283,12950,40,5,2001,45886,Petrol,110,1,Green,0,1600,5,4,5,85,1080
284,12850,39,6,2001,45713,Petrol,97,1,Blue,0,1400,5,4,5,19,1085
285,13950,40,5,2001,45600,Petrol,110,1,Grey,1,1600,5,4,5,85,1105
286,11950,41,4,2001,45287,Petrol,110,1,Red,0,1600,5,4,5,85,1075
287,12950,39,6,2001,45081,Petrol,110,1,Grey,0,1600,5,4,5,85,1075
288,11700,40,5,2001,44830,Petrol,110,1,Green,0,1600,5,4,5,85,1075
289,9950,37,8,2001,44757,Petrol,97,0,Red,0,1400,3,4,5,69,1025
290,11895,44,1,2001,44218,Petrol,97,1,Grey,0,1400,5,4,5,85,1060
291,12950,43,2,2001,43632,Petrol,110,1,Blue,0,1600,5,4,5,85,1075
292,12500,36,9,2001,43427,Petrol,110,1,Green,0,1600,3,4,5,69,1040
293,13875,39,6,2001,43254,Petrol,110,1,Red,0,1600,5,4,5,85,1075
294,10500,35,10,2001,43000,Petrol,110,0,White,0,1600,3,4,5,69,1050
295,12295,33,12,2001,42823,Petrol,110,1,Red,0,1600,5,4,5,85,1075
296,13950,42,3,2001,42560,Petrol,110,1,Silver,0,1600,5,4,5,85,1080
297,10950,38,7,2001,41754,Petrol,110,0,Red,0,1600,3,4,5,69,1040
298,12950,44,1,2001,41499,CNG,110,1,Green,0,1600,5,4,5,197,1103
299,12850,40,5,2001,41339,Petrol,110,1,Blue,0,1600,5,4,5,85,1080
300,13995,35,10,2001,41000,Petrol,110,1,Grey,0,1600,5,4,5,85,1075
301,13750,39,6,2001,40000,Petrol,110,1,Grey,0,1600,3,4,5,85,1055
302,12750,37,8,2001,39757,Petrol,110,1,Blue,0,1600,5,4,5,85,1075
303,12500,41,4,2001,39659,Petrol,110,1,Green,0,1600,3,4,5,69,1045
304,13950,43,2,2001,39650,Petrol,110,0,Blue,0,1600,3,4,5,85,1055
305,11500,39,6,2001,39524,Petrol,97,1,Grey,0,1398,3,4,5,69,1025
306,13950,44,1,2001,39516,Petrol,97,1,Grey,0,1400,5,4,5,85,1060
307,11895,41,4,2001,39439,Petrol,97,0,Grey,0,1400,5,4,5,85,1060
308,9950,44,1,2001,39000,Petrol,97,1,Blue,0,1400,3,4,5,69,1025
309,13500,42,3,2001,38932,Petrol,110,1,Green,0,1600,3,4,5,69,1040
310,11450,37,8,2001,38812,Petrol,97,0,Red,0,1400,3,4,5,69,1025
311,12450,42,3,2001,38665,Petrol,110,1,Green,0,1600,5,4,5,85,1075
312,12950,40,5,2001,38653,Petrol,110,1,Green,0,1600,5,4,5,85,1080
313,13995,44,1,2001,38461,Petrol,110,1,Grey,0,1600,5,4,5,85,1080
314,11750,42,3,2001,38078,Petrol,97,0,Grey,0,1400,3,4,5,69,1025
315,11650,39,6,2001,37782,Petrol,97,1,Red,0,1400,5,4,5,85,1060
316,9950,43,2,2001,37576,Petrol,97,0,Grey,0,1400,3,4,5,69,1030
317,13950,41,4,2001,37533,Petrol,110,1,Green,0,1600,5,4,5,85,1075
318,12950,44,1,2001,37389,Petrol,110,1,Black,0,1600,5,4,5,85,1080
319,10950,38,7,2001,37320,Petrol,97,1,Blue,0,1400,3,4,5,69,1025
320,9900,42,3,2001,37000,Petrol,97,1,Green,0,1400,3,4,5,69,1025
321,11950,44,1,2001,37000,Petrol,110,0,Green,0,1600,4,4,5,19,1075
322,11990,40,5,2001,36566,Petrol,110,0,Red,0,1600,5,4,5,85,1090
323,10750,36,9,2001,36269,Petrol,110,1,Blue,0,1600,5,4,5,85,1075
324,13950,37,8,2001,36074,Petrol,110,1,Silver,1,1600,5,4,5,19,1075
325,11250,44,1,2001,36066,Petrol,110,1,Black,0,1600,3,4,5,69,1040
326,12950,39,6,2001,34599,Petrol,110,1,Grey,0,1600,5,4,5,85,1075
327,11950,41,4,2001,34000,Petrol,110,1,Red,0,1600,5,4,5,85,1075
328,10950,42,3,2001,33623,Petrol,97,1,Grey,0,1400,3,4,5,69,1025
329,12950,33,12,2001,33591,Petrol,110,1,Red,0,1600,5,4,5,85,1075
330,12950,35,10,2001,33258,Petrol,110,1,Grey,0,1600,5,4,5,85,1075
331,11695,43,2,2001,33113,Petrol,110,1,Red,0,1600,5,4,5,85,1075
332,11000,41,4,2001,33000,Petrol,110,1,Silver,1,1600,5,4,6,19,1075
333,13950,35,10,2001,32941,Petrol,110,1,Yellow,0,1600,5,4,5,85,1080
334,11950,38,7,2001,32781,Petrol,110,0,Blue,0,1600,5,4,5,85,1075
335,11750,40,5,2001,32532,Petrol,110,1,Black,0,1600,3,4,5,69,1040
336,12400,34,11,2001,32431,Petrol,97,1,Silver,0,1400,5,4,5,85,1060
337,12500,35,10,2001,32000,Petrol,110,0,Black,0,1600,3,4,5,69,1040
339,12900,33,12,2001,31000,Petrol,110,1,Silver,0,1600,5,4,5,19,1075
340,12200,41,4,2001,30989,Petrol,110,0,Green,0,1600,3,4,5,69,1045
341,12750,43,2,2001,30742,Petrol,110,1,Silver,0,1600,3,4,5,69,1040
342,11950,42,3,2001,30190,Petrol,110,1,Red,0,1600,5,4,5,85,1075
343,11900,41,4,2001,29716,Petrol,116,1,Grey,0,1600,5,4,5,85,1075
344,11950,44,1,2001,29716,Petrol,110,1,Silver,1,1600,3,4,5,85,1070
345,14950,42,3,2001,29640,Petrol,110,0,Red,0,1600,3,4,5,85,1055
346,11950,41,4,2001,29056,Petrol,97,1,Grey,0,1400,5,4,5,85,1060
347,12950,33,12,2001,28715,Petrol,110,1,Grey,0,1600,5,4,5,85,1075
348,14950,41,4,2001,28571,Petrol,110,0,Red,0,1600,5,4,5,85,1090
349,13450,40,5,2001,28362,Petrol,110,1,Blue,0,1600,3,4,5,69,1040
350,13750,38,7,2001,28150,Petrol,110,1,Red,0,1600,5,4,5,85,1075
351,12950,43,2,2001,27301,Petrol,110,1,Grey,0,1600,3,4,5,69,1040
352,12750,33,12,2001,27240,Petrol,110,1,Blue,0,1600,5,4,5,85,1075
353,11895,39,6,2001,27170,Petrol,97,1,Yellow,0,1400,5,4,5,85,1060
354,9950,42,3,2001,27141,Petrol,97,1,Green,0,1400,5,4,5,85,1060
355,12450,38,7,2001,26262,Petrol,110,1,Grey,0,1600,5,4,5,85,1075
356,12500,38,7,2001,26000,Petrol,97,1,Grey,0,1400,5,4,5,85,1060
357,14950,43,2,2001,25228,Petrol,110,1,Blue,0,1600,3,4,5,69,1045
358,13750,39,6,2001,25062,Petrol,110,1,Green,0,1600,5,4,5,85,1080
359,12695,39,6,2001,24723,Petrol,110,1,Green,1,1600,4,4,5,85,1060
360,14990,33,12,2001,24650,Petrol,110,1,Black,0,1600,3,4,5,85,1055
361,12750,43,2,2001,24553,Petrol,110,1,Green,0,1600,5,4,5,85,1080
362,14350,41,4,2001,24475,Petrol,110,1,Red,0,1600,5,4,5,69,1030
363,12950,39,6,2001,24444,Petrol,110,1,Blue,0,1600,3,4,5,69,1040
364,11500,35,10,2001,24011,Petrol,97,0,Grey,0,1400,3,4,5,69,1025
365,11950,41,4,2001,24000,Petrol,97,1,Grey,0,1400,3,4,5,69,1025
366,13450,40,5,2001,23616,Petrol,110,1,Green,0,1600,5,4,5,85,1075
367,12900,38,7,2001,22865,Petrol,110,1,Silver,0,1600,5,4,5,85,1075
368,10500,41,4,2001,22780,Petrol,86,1,Green,0,1300,5,4,5,69,1035
369,10950,35,10,2001,21904,Petrol,97,0,Blue,0,1400,3,4,5,69,1025
370,11950,41,4,2001,21651,Petrol,97,0,Green,0,1400,3,4,5,69,1025
371,11450,37,8,2001,21500,Petrol,110,1,Red,0,1600,5,4,5,69,1030
372,13250,44,1,2001,21027,Petrol,110,1,Green,0,1600,5,4,5,85,1080
373,10250,39,6,2001,18500,Petrol,110,0,Red,0,1600,4,4,5,69,1030
374,13995,35,10,2001,18000,Petrol,110,1,Green,0,1600,5,4,5,85,1075
375,11950,40,5,2001,17051,Petrol,97,0,Grey,0,1400,5,4,5,85,1060
376,13250,33,12,2001,16512,Petrol,97,1,Grey,0,1400,5,4,5,19,1085
377,12950,40,5,2001,16325,Petrol,110,1,Silver,0,1600,5,4,5,85,1080
378,11750,38,7,2001,16000,Petrol,97,1,Grey,0,1400,5,4,5,85,1060
379,11500,39,6,2001,12000,Petrol,110,1,Green,0,1600,5,4,5,85,1075
380,13500,43,2,2001,10000,Petrol,97,1,Blue,0,1400,5,4,5,85,1060
381,6500,53,4,2000,216000,Diesel,69,0,White,0,1900,3,4,5,185,1110
382,6400,51,6,2000,198167,Diesel,69,0,Red,0,1900,4,4,5,185,1095
383,7000,53,4,2000,176000,Diesel,69,0,Blue,0,1900,3,4,5,185,1105
384,7750,54,3,2000,174139,Diesel,72,1,Blue,0,2000,4,4,5,185,1100
385,8900,45,12,2000,174000,Diesel,69,1,Silver,0,1900,5,4,5,185,1095
386,8500,55,2,2000,150000,CNG,110,1,Blue,0,1600,3,4,5,72,1075
387,8950,54,3,2000,149329,Diesel,72,1,Red,0,2000,5,4,5,185,1135
388,9900,51,6,2000,146736,Petrol,110,1,Silver,0,1600,5,4,5,85,1080
389,10250,53,4,2000,143513,Diesel,69,0,Grey,0,1900,5,4,5,185,1140
390,9250,48,9,2000,142130,CNG,110,0,Red,0,1600,5,4,5,197,1119
391,7750,48,9,2000,140700,Diesel,69,1,Grey,0,1900,5,4,5,64,1110
392,9450,54,3,2000,138394,Diesel,69,1,Silver,0,1900,4,4,5,185,1095
393,7750,55,2,2000,137000,Diesel,72,1,Blue,0,2000,5,4,5,185,1135
394,8250,52,5,2000,135258,Diesel,69,1,Grey,0,1900,5,4,5,185,1140
395,9950,49,8,2000,131364,Petrol,110,1,Black,0,1600,5,4,5,85,1075
396,4450,56,1,2000,129155,Diesel,69,0,White,0,1800,5,4,5,64,1110
397,9950,50,7,2000,126110,Petrol,110,0,Black,0,1600,3,4,5,85,1055
398,9000,48,9,2000,119742,Petrol,110,1,Blue,0,1600,5,4,5,85,1080
399,9950,53,4,2000,117913,Diesel,69,1,Blue,0,1900,5,4,5,64,1110
400,12450,47,10,2000,117430,Diesel,90,1,Blue,0,2000,3,4,5,210,1165
401,10500,55,2,2000,117175,Petrol,110,1,Green,0,1600,4,4,5,69,1035
402,10750,54,3,2000,115558,Petrol,110,1,Blue,0,1600,4,4,5,69,1035
403,8950,53,4,2000,115113,Petrol,97,1,Grey,0,1400,3,4,5,69,1025
404,10500,54,3,2000,115046,Diesel,69,1,Blue,0,1900,5,4,5,185,1140
405,5150,56,1,2000,113997,Diesel,72,1,Green,0,2000,5,4,5,64,1135
406,10950,49,8,2000,107859,Petrol,97,0,Blue,0,1400,5,4,5,85,1060
407,9450,52,5,2000,104805,Petrol,97,1,Black,0,1400,3,4,5,69,1025
408,9950,54,3,2000,103454,Petrol,110,1,Green,0,1600,5,4,5,85,1075
409,10950,51,6,2000,103018,Diesel,69,0,White,0,1900,5,4,5,185,1140
410,11900,47,10,2000,102352,Petrol,110,1,Red,0,1600,5,4,5,85,1080
411,9950,50,7,2000,102030,Petrol,97,1,Green,0,1400,5,4,5,85,1060
412,11950,54,3,2000,101352,Petrol,110,0,Red,0,1600,5,4,5,85,1080
413,7900,50,7,2000,99865,Petrol,110,1,Red,0,1600,4,4,5,69,1035
414,10950,52,5,2000,99323,Petrol,110,1,Black,0,1600,3,4,5,85,1055
415,8950,48,9,2000,98100,Diesel,69,1,Grey,0,1900,5,4,5,185,1140
416,11950,51,6,2000,98040,Petrol,110,0,Grey,0,1600,5,4,5,85,1080
417,10900,49,8,2000,97600,Petrol,110,1,Silver,0,1600,3,4,5,69,1045
418,9950,55,2,2000,97234,Petrol,110,0,Blue,0,1600,5,4,5,85,1080
419,9950,51,6,2000,96135,Diesel,72,0,Black,0,2000,3,4,5,185,1115
420,10950,54,3,2000,96100,Petrol,110,1,Green,0,1600,5,4,5,85,1080
421,8950,55,2,2000,94401,Diesel,72,0,Red,0,2000,3,4,5,185,1115
422,8950,55,2,2000,94122,Petrol,86,1,Blue,0,1300,3,4,5,69,1015
423,10500,49,8,2000,91340,Petrol,110,1,Blue,0,1600,3,4,5,85,1055
424,8950,53,4,2000,90200,Petrol,97,0,White,0,1400,3,4,5,69,1025
425,9250,53,4,2000,90097,Diesel,69,1,Red,0,1900,5,4,5,185,1140
426,11500,48,9,2000,89049,Petrol,97,1,Black,0,1400,5,4,5,85,1060
427,9750,52,5,2000,89000,Petrol,110,0,Grey,0,1600,5,4,5,85,1075
428,9950,45,12,2000,87274,Petrol,110,1,Grey,0,1600,3,4,5,69,1040
429,11450,49,8,2000,86221,Petrol,110,0,Grey,0,1600,3,4,5,69,1045
430,12500,54,3,2000,84598,Petrol,110,0,Red,0,1600,5,4,5,19,1075
431,10500,50,7,2000,83567,Petrol,110,0,Green,0,1600,5,4,5,85,1075
432,12950,50,7,2000,83106,Petrol,110,1,Silver,0,1600,5,4,5,85,1075
433,12200,50,7,2000,82805,Petrol,110,1,Green,0,1600,3,4,5,69,1040
434,10950,50,7,2000,82735,Petrol,97,1,Black,0,1400,3,4,5,69,1030
435,10950,54,3,2000,81905,Petrol,110,1,Green,0,1600,5,4,5,19,1105
436,11290,49,8,2000,80320,Petrol,110,1,Silver,1,1600,3,4,5,85,1070
437,10750,49,8,2000,80090,Petrol,97,1,Silver,0,1400,3,4,5,69,1030
438,10895,53,4,2000,79800,Petrol,110,0,Red,0,1600,5,4,5,85,1075
439,11500,47,10,2000,78785,CNG,110,1,Black,0,1600,5,4,5,197,1119
440,9750,48,9,2000,78600,Petrol,110,1,Blue,0,1600,5,4,5,85,1075
441,10250,55,2,2000,77780,Petrol,110,0,Red,0,1600,3,4,5,69,1040
442,12500,49,8,2000,77648,Petrol,110,0,Red,0,1600,4,4,5,69,1030
443,11950,54,3,2000,77270,Petrol,110,1,Blue,0,1600,4,4,5,69,1035
444,10750,50,7,2000,76167,Petrol,97,1,Blue,0,1400,5,4,5,85,1060
445,11450,46,11,2000,75249,Petrol,110,1,Red,0,1600,4,4,5,69,1035
446,11950,54,3,2000,75231,Petrol,110,1,Grey,0,1600,5,4,5,85,1080
447,11750,48,9,2000,75045,Petrol,110,1,Silver,0,1600,3,4,6,85,1055
448,10950,50,7,2000,74849,Petrol,110,1,Red,1,1600,4,4,5,85,1060
449,11950,55,2,2000,74715,Petrol,110,1,Grey,0,1600,5,4,5,85,1080
450,10995,49,8,2000,74656,Diesel,69,0,Silver,0,1900,3,4,5,185,1105
451,11450,56,1,2000,74500,Petrol,97,0,Grey,0,1400,3,4,5,69,1025
452,8900,49,8,2000,74494,Petrol,110,1,Grey,0,1600,5,4,5,85,1075
453,10500,50,7,2000,73634,Petrol,110,0,Blue,0,1587,5,4,5,85,1075
454,11750,47,10,2000,73403,Petrol,110,1,Grey,0,1600,5,4,5,85,1075
455,11450,49,8,2000,73175,Petrol,97,1,Silver,0,1400,3,4,5,69,1030
456,12000,52,5,2000,73000,Petrol,110,0,Grey,0,1600,3,4,5,85,1055
457,11950,50,7,2000,72242,Petrol,110,0,Blue,1,1600,3,4,5,85,1070
458,9850,53,4,2000,72000,Petrol,97,1,Green,0,1400,3,4,5,69,1025
459,10950,54,3,2000,71725,Petrol,110,1,Blue,0,1600,4,4,5,69,1035
460,10950,54,3,2000,71276,Petrol,110,0,Green,0,1600,5,4,5,85,1080
461,8695,50,7,2000,70440,Diesel,69,1,Green,0,1900,3,4,5,185,1105
462,10990,53,4,2000,70239,Petrol,110,0,Blue,0,1600,3,4,5,69,1040
463,9500,55,2,2000,69813,Petrol,97,1,Silver,0,1400,3,4,5,69,1025
464,11950,49,8,2000,69659,Petrol,86,0,Red,0,1300,3,4,6,69,1025
465,10750,46,11,2000,69574,Petrol,97,0,Blue,0,1400,5,4,5,85,1065
466,8750,47,10,2000,69000,Diesel,69,1,Blue,0,1900,5,4,5,185,1140
467,8750,49,8,2000,68565,Petrol,110,1,Blue,0,1600,4,4,5,69,1030
468,11450,55,2,2000,68520,Diesel,72,1,Red,0,2000,3,4,5,185,1115
469,9950,46,11,2000,68414,Petrol,97,0,Red,0,1400,3,4,5,69,1025
470,11950,56,1,2000,66777,Petrol,110,0,Red,0,1600,5,4,5,85,1090
471,13950,52,5,2000,66527,Petrol,110,1,Blue,0,1600,5,4,5,85,1080
472,11250,54,3,2000,66063,Petrol,110,1,Black,0,1600,5,4,5,85,1090
473,10900,50,7,2000,65471,Petrol,97,1,Green,0,1400,5,4,5,85,1060
474,9750,56,1,2000,65400,Petrol,97,1,Silver,0,1400,3,4,5,69,1025
475,9950,52,5,2000,65170,Petrol,97,1,Grey,0,1400,3,4,5,69,1025
476,11950,56,1,2000,65000,Petrol,110,1,Silver,0,1600,5,4,5,19,1075
477,10450,48,9,2000,64193,Petrol,110,1,Grey,0,1600,3,4,5,69,1040
478,8950,54,3,2000,64000,Petrol,97,1,Blue,0,1400,3,4,5,69,1025
479,10250,54,3,2000,63792,Petrol,110,1,Green,0,1600,5,4,5,85,1075
480,9930,53,4,2000,63635,Petrol,110,1,Blue,0,1600,4,4,5,69,1035
481,10500,54,3,2000,63135,Petrol,110,1,Blue,0,1600,3,4,5,69,1050
482,11950,54,3,2000,63123,Petrol,110,1,Silver,0,1600,4,4,5,69,1035
483,11500,48,9,2000,63000,Diesel,69,1,Silver,0,1900,5,4,5,185,1140
484,11500,55,2,2000,63000,Petrol,110,0,Green,0,1600,4,4,5,69,1035
485,11450,54,3,2000,62987,Petrol,110,0,Red,0,1600,5,4,5,85,1080
486,9900,56,1,2000,62751,Petrol,110,0,Red,0,1600,3,4,5,69,1050
487,9500,54,3,2000,62519,Petrol,97,0,Black,0,1400,3,4,5,69,1025
488,10500,50,7,2000,62280,Petrol,97,1,Green,0,1400,5,4,5,85,1060
489,10750,50,7,2000,61672,Petrol,110,0,Blue,0,1600,5,4,5,85,1075
490,8950,54,3,2000,61000,Diesel,69,0,White,0,2000,5,4,5,185,1140
491,12000,56,1,2000,61000,Petrol,110,1,Black,0,1600,3,4,5,69,1050
492,9940,53,4,2000,60558,Petrol,110,1,Blue,0,1600,4,4,5,19,1105
493,10950,47,10,2000,60348,Petrol,110,0,Green,0,1600,4,4,5,69,1030
494,10750,54,3,2000,60239,Petrol,110,1,Green,0,1600,5,4,5,85,1075
495,9799,51,6,2000,59000,Petrol,97,1,Silver,0,1400,3,4,5,69,1025
496,11750,51,6,2000,58761,Petrol,97,0,Silver,0,1300,5,4,5,85,1060
497,11950,54,3,2000,58745,Petrol,110,1,Blue,0,1600,4,4,5,69,1035
498,11250,52,5,2000,58596,Petrol,110,1,Blue,0,1600,3,4,5,69,1045
499,11750,54,3,2000,58530,Petrol,110,0,Red,0,1600,5,4,5,85,1075
500,10950,55,2,2000,58377,Petrol,110,1,Black,0,1600,3,4,5,69,1050
501,11250,56,1,2000,58142,Petrol,110,1,Green,0,1600,5,4,5,85,1080
502,9950,53,4,2000,57948,Petrol,97,1,Blue,0,1400,3,4,5,69,1025
503,9700,51,6,2000,57645,Petrol,110,0,Red,0,1600,5,4,5,85,1080
504,11950,47,10,2000,57500,Petrol,110,1,Red,0,1600,4,4,5,19,1105
505,9900,53,4,2000,57475,Petrol,110,0,White,0,1600,3,4,5,69,1040
506,9990,55,2,2000,56743,Petrol,110,0,Black,0,1600,3,4,5,69,1045
507,9475,48,9,2000,56675,Petrol,97,1,Red,0,1400,3,4,5,69,1025
508,11500,54,3,2000,55877,Petrol,110,1,Red,0,1600,5,4,5,85,1075
509,11950,53,4,2000,55500,Petrol,110,1,Blue,0,1600,4,4,5,69,1035
510,11500,55,2,2000,54900,Petrol,97,1,Red,0,1400,5,4,5,85,1060
511,10500,50,7,2000,54465,Petrol,110,0,Green,0,1600,5,4,5,85,1075
512,10900,46,11,2000,53700,Petrol,97,1,Grey,0,1400,5,4,5,85,1060
513,11700,52,5,2000,53561,Petrol,97,1,Grey,0,1400,5,4,5,85,1060
514,11900,51,6,2000,53408,Petrol,110,1,Green,0,1600,5,4,5,85,1080
515,13950,51,6,2000,53268,Petrol,110,1,Red,0,1600,5,4,5,85,1080
516,10950,49,8,2000,53116,Petrol,97,1,Red,0,1400,3,4,5,69,1025
517,10500,56,1,2000,52448,Petrol,97,0,Grey,0,1400,3,4,5,69,1025
518,10750,55,2,2000,52149,Petrol,97,1,Grey,0,1400,3,4,5,19,1085
519,11950,55,2,2000,52141,Petrol,110,1,Green,0,1600,5,4,5,85,1070
520,10000,56,1,2000,52000,Petrol,97,0,Grey,0,1400,3,4,5,69,1025
521,10495,48,9,2000,50967,Petrol,97,1,Grey,0,1400,5,4,5,85,1060
522,11450,50,7,2000,50400,Petrol,110,0,Grey,0,1600,5,4,5,85,1080
523,9400,54,3,2000,50000,Petrol,97,1,Silver,0,1400,3,4,5,69,1025
524,11950,51,6,2000,50000,Petrol,86,1,Violet,0,1300,5,4,5,69,1045
525,9650,53,4,2000,49969,Petrol,110,0,Red,0,1600,5,4,5,85,1075
526,18950,49,8,2000,49568,Petrol,110,1,Grey,0,1600,3,4,5,19,1105
527,11450,51,6,2000,49473,Petrol,110,0,Red,0,1600,3,4,5,85,1055
528,10250,52,5,2000,49432,Petrol,110,1,Blue,0,1600,3,4,5,69,1050
529,11450,48,9,2000,49417,Petrol,110,1,Red,0,1600,3,4,5,69,1045
530,9950,54,3,2000,49366,Petrol,97,1,Grey,0,1400,3,4,5,69,1025
531,10500,56,1,2000,48731,Petrol,110,1,Black,0,1600,3,4,5,85,1055
532,13750,54,3,2000,48370,Petrol,110,1,Green,0,1600,5,4,5,85,1080
533,9950,48,9,2000,48071,Petrol,97,0,Silver,0,1400,3,4,5,69,1025
534,10250,54,3,2000,47852,Petrol,110,1,Red,0,1600,4,4,5,69,1030
535,10850,54,3,2000,47768,Petrol,110,0,Black,0,1600,3,4,5,85,1055
536,11895,52,5,2000,47689,Petrol,110,0,Red,0,1600,5,4,5,85,1075
537,12950,53,4,2000,47451,Petrol,110,1,Black,0,1600,3,4,5,85,1055
538,11950,50,7,2000,47219,Petrol,110,1,Grey,0,1600,5,4,5,85,1080
539,10750,56,1,2000,47211,Petrol,110,1,Green,0,1600,5,4,5,85,1070
540,9550,54,3,2000,46856,Petrol,97,0,Red,0,1400,5,4,5,85,1060
541,10950,56,1,2000,46500,Petrol,86,0,Black,0,1300,5,4,5,69,1035
542,11750,52,5,2000,46449,Petrol,110,1,Red,0,1600,4,4,5,69,1035
543,10950,47,10,2000,46391,Petrol,110,0,Black,0,1600,5,4,5,85,1075
544,12450,54,3,2000,46230,Petrol,110,1,Black,0,1600,3,4,5,85,1055
545,10500,52,5,2000,46029,Petrol,110,1,Grey,0,1600,4,4,5,69,1030
546,10900,50,7,2000,46000,Petrol,97,0,Red,0,1400,3,4,5,69,1025
547,12950,50,7,2000,45900,Petrol,110,1,Black,0,1600,5,4,5,85,1075
548,10950,47,10,2000,45850,Petrol,97,0,Grey,0,1400,5,4,5,85,1060
549,12500,56,1,2000,45336,Petrol,110,1,Green,0,1600,5,4,5,85,1080
550,9950,55,2,2000,44537,Petrol,97,0,Red,0,1400,3,4,5,69,1025
551,10750,56,1,2000,43700,Petrol,86,1,Grey,0,1300,3,4,5,69,1025
552,12500,48,9,2000,43120,Petrol,97,1,Black,0,1400,3,4,5,69,1030
554,10450,49,8,2000,41710,Petrol,110,0,Blue,0,1600,3,4,5,69,1040
555,10750,52,5,2000,41700,Petrol,97,1,Grey,0,1400,3,4,5,69,1025
556,12950,49,8,2000,41636,Petrol,110,1,Silver,0,1600,5,4,5,19,1105
557,10995,50,7,2000,41273,Petrol,97,0,Grey,0,1400,5,4,5,85,1060
558,11950,49,8,2000,40836,Petrol,110,0,Grey,1,1600,3,4,5,85,1075
559,11250,50,7,2000,40400,Petrol,97,1,Red,0,1400,5,4,5,85,1060
560,11950,47,10,2000,40361,Petrol,110,1,Black,0,1600,5,4,5,85,1090
561,13750,54,3,2000,40325,Petrol,86,0,Red,0,1300,5,4,5,69,1045
562,11000,47,10,2000,40000,Petrol,110,0,Black,0,1600,5,4,5,85,1080
563,13500,50,7,2000,39706,Petrol,110,1,Grey,0,1600,5,4,5,85,1080
564,10950,54,3,2000,39291,Petrol,110,1,Green,0,1600,3,4,5,69,1040
565,10750,54,3,2000,39000,Petrol,97,0,Grey,0,1400,3,4,5,69,1025
566,8950,47,10,2000,38900,Petrol,97,1,Grey,0,1400,3,4,5,69,1025
567,12950,51,6,2000,38403,Petrol,110,0,Blue,0,1600,3,4,5,85,1055
568,9750,56,1,2000,37461,Petrol,97,0,Grey,0,1400,3,4,5,69,1025
569,10900,54,3,2000,37000,Petrol,97,1,Grey,0,1400,3,4,5,69,1025
570,10995,55,2,2000,36406,Petrol,110,1,Grey,0,1600,4,4,5,69,1035
571,10750,48,9,2000,36005,Petrol,97,1,Black,0,1400,5,4,5,85,1065
572,10950,52,5,2000,36000,Petrol,110,1,Grey,0,1600,5,4,5,85,1075
573,13000,49,8,2000,36000,Petrol,110,0,Grey,0,1600,5,4,5,85,1080
574,12950,45,12,2000,36000,Petrol,110,1,Green,1,1600,3,4,5,85,1070
575,11500,52,5,2000,35823,Petrol,110,0,Grey,0,1600,5,4,5,85,1075
576,10950,56,1,2000,35230,Petrol,97,0,Grey,0,1400,3,4,5,69,1025
577,11710,48,9,2000,35142,Petrol,110,0,Red,0,1600,3,4,5,85,1055
578,9980,49,8,2000,34890,Petrol,97,0,Blue,0,1400,3,4,5,69,1025
579,12250,51,6,2000,34882,Petrol,110,1,Silver,0,1600,5,4,5,85,1075
580,11500,46,11,2000,34000,Petrol,110,1,Red,0,1600,5,4,5,85,1075
581,11950,56,1,2000,33998,Petrol,110,0,Green,0,1600,5,4,5,85,1080
582,11500,55,2,2000,33230,Petrol,110,0,Red,0,1600,3,4,5,69,1050
583,11900,46,11,2000,33021,Petrol,110,1,Grey,0,1600,5,4,5,85,1080
584,11930,49,8,2000,31999,Petrol,97,0,Black,0,1400,3,4,5,69,1030
585,10500,52,5,2000,31579,Petrol,97,0,Red,0,1400,3,4,5,69,1025
586,8950,56,1,2000,31000,Petrol,97,0,Red,0,1400,3,4,5,69,1025
587,10450,46,11,2000,30806,Petrol,97,1,Red,0,1400,5,4,5,85,1060
588,10500,55,2,2000,30461,Petrol,86,1,Blue,0,1300,5,4,5,69,1050
589,12950,50,7,2000,29686,Petrol,110,1,Green,1,1600,3,4,5,85,1075
590,9950,55,2,2000,29650,Petrol,86,0,Red,0,1300,3,4,6,69,1025
591,12900,52,5,2000,29500,Petrol,110,1,Black,0,1600,3,4,5,85,1055
592,9950,48,9,2000,28656,Petrol,97,0,Red,0,1400,3,4,5,19,1085
593,9950,55,2,2000,27500,Petrol,97,1,Grey,0,1400,3,4,5,69,1025
594,10950,48,9,2000,26938,Petrol,110,1,Blue,0,1600,3,4,5,69,1040
595,10950,53,4,2000,26624,Petrol,97,0,Blue,0,1400,5,4,5,85,1060
596,9950,47,10,2000,26221,Petrol,97,1,Blue,0,1400,3,4,5,69,1025
597,10950,50,7,2000,22648,Petrol,97,1,Grey,0,1400,5,4,5,85,1060
598,10800,50,7,2000,22500,Petrol,97,1,Green,0,1400,3,4,5,69,1025
599,10500,56,1,2000,19313,Petrol,97,0,Grey,0,1400,3,4,5,69,1025
600,10450,50,7,2000,17619,Petrol,110,0,Green,0,1600,4,4,5,69,1030
601,10600,51,6,2000,17069,Petrol,97,1,Green,0,1400,3,4,5,69,1025
602,10450,48,9,2000,15000,Petrol,97,1,Red,0,1400,3,4,5,69,1025
603,12950,50,7,2000,10210,Petrol,97,0,Grey,0,1400,5,4,5,85,1065
604,11250,47,10,2000,5309,Petrol,110,1,Green,1,1600,3,4,5,85,1070
605,7500,50,7,2000,1,Diesel,90,1,Green,0,2000,3,4,5,64,1260
606,8950,52,5,2000,31000,Petrol,97,0,Grey,0,1398,3,4,5,69,1025
607,6950,58,11,1999,205000,Diesel,72,1,Silver,0,2000,4,4,5,185,1100
608,7900,68,1,1999,204250,Diesel,72,0,Black,0,2000,3,4,5,185,1115
609,5950,68,1,1999,194545,Petrol,86,0,Red,0,1300,4,4,5,69,1000
610,7500,59,10,1999,190900,Diesel,72,1,Grey,0,2000,3,4,5,185,1115
611,7500,62,7,1999,183500,Diesel,72,1,Silver,0,2000,5,4,5,185,1140
612,6900,65,4,1999,176184,Diesel,72,1,Grey,0,2000,3,4,5,185,1115
613,5751,67,2,1999,174833,Diesel,72,0,Red,0,2000,4,4,5,185,1100
614,6950,68,1,1999,155720,Petrol,86,1,Green,0,1300,3,4,5,69,1015
615,7950,67,2,1999,155500,Petrol,110,1,Violet,0,1600,5,4,5,69,1050
616,7750,59,10,1999,154783,Diesel,72,1,Black,0,2000,3,4,5,185,1120
617,7950,64,5,1999,154462,Diesel,72,1,Green,0,2000,5,4,5,185,1135
618,8250,64,5,1999,150585,Petrol,110,1,Blue,0,1600,3,4,6,85,1065
619,6250,67,2,1999,149000,Diesel,90,1,Blue,0,2000,5,4,5,64,1135
620,9500,62,7,1999,147636,Diesel,72,0,White,0,2000,5,4,5,185,1135
621,6900,59,10,1999,144521,Diesel,72,1,Grey,0,2000,5,4,5,64,1135
622,8450,64,5,1999,144000,CNG,110,1,Black,0,1600,3,4,6,72,1065
623,7350,65,4,1999,140168,Diesel,72,1,Red,0,2000,3,4,5,185,1115
624,8950,68,1,1999,140000,Petrol,110,1,Black,0,1600,5,4,5,85,1085
625,6900,60,9,1999,139800,Diesel,72,0,Black,0,2000,3,4,5,185,1115
626,8950,59,10,1999,137050,CNG,110,1,Red,0,1600,3,4,5,197,1078
627,8750,61,8,1999,136956,Petrol,110,0,Red,0,1600,3,4,6,85,1065
628,7950,67,2,1999,135337,CNG,110,1,Red,0,1600,5,4,5,197,1120
629,8950,64,5,1999,133769,Diesel,72,1,Green,0,2000,3,4,5,185,1120
630,8950,58,11,1999,133405,Diesel,72,1,Blue,0,2000,5,4,5,185,1135
631,8950,65,4,1999,132807,Diesel,72,1,Green,0,2000,5,4,5,185,1135
632,7950,64,5,1999,132393,Diesel,72,0,Red,0,2000,5,4,5,185,1135
633,7750,60,9,1999,130270,Petrol,110,0,Blue,0,1600,3,4,5,69,1050
634,7500,59,10,1999,130000,Diesel,72,1,Grey,0,2000,4,4,5,185,1135
635,8950,67,2,1999,127000,Diesel,72,1,Red,0,2000,5,4,5,185,1135
636,9800,67,2,1999,126800,Diesel,72,0,Black,0,2000,5,4,5,185,1135
637,9450,66,3,1999,126452,Petrol,110,1,Green,0,1600,5,4,5,85,1085
638,8950,62,7,1999,125175,Diesel,116,0,Red,0,2000,5,4,5,185,1150
639,8750,68,1,1999,125000,Diesel,72,1,Green,0,2000,3,4,5,185,1115
640,10500,61,8,1999,123000,Diesel,72,0,Blue,0,2000,5,4,5,185,1135
641,7995,59,10,1999,121626,Petrol,86,0,Red,0,1300,5,4,5,69,1050
642,10450,64,5,1999,120400,Petrol,110,0,Black,0,1600,5,4,5,85,1090
643,9950,66,3,1999,120000,Diesel,72,0,Blue,0,2000,4,4,5,185,1100
644,9950,68,1,1999,119541,Petrol,110,0,Red,0,1600,3,4,5,85,1055
645,8950,68,1,1999,119500,Petrol,110,1,Green,0,1600,5,4,5,85,1070
646,7950,68,1,1999,119289,Petrol,110,1,Silver,0,1600,4,4,5,69,1035
647,10950,57,12,1999,118833,Petrol,110,0,Blue,0,1600,3,4,6,85,1065
648,9950,64,5,1999,118000,Diesel,72,1,Grey,0,2000,5,4,5,185,1150
649,8600,68,1,1999,117955,Petrol,110,1,Green,1,1600,4,4,5,85,1065
650,7250,65,4,1999,117609,Petrol,86,0,Silver,0,1300,3,4,5,69,1015
651,6950,68,1,1999,117000,Diesel,72,0,Silver,0,2000,3,4,5,185,1115
652,8000,64,5,1999,116000,Petrol,86,0,Black,0,1300,5,4,5,69,1045
653,9950,58,11,1999,115715,Petrol,110,0,Blue,0,1600,5,4,5,85,1070
654,9450,60,9,1999,115191,CNG,110,1,Red,0,1600,4,4,5,197,1079
655,7950,68,1,1999,115071,Petrol,110,1,Black,0,1600,3,4,5,85,1055
656,9450,63,6,1999,115000,CNG,110,0,Red,0,1600,3,4,5,197,1109
657,9950,64,5,1999,114846,Petrol,110,1,Green,0,1600,5,4,5,85,1075
658,6950,65,4,1999,114383,Diesel,90,0,White,0,2000,3,4,5,64,1260
659,8250,59,10,1999,113700,Petrol,110,1,Green,0,1600,5,4,5,19,1065
660,9950,67,2,1999,113118,Petrol,86,1,Black,0,1300,3,4,5,69,1020
661,8250,59,10,1999,112827,Petrol,86,1,Blue,0,1300,5,4,5,69,1040
662,9950,68,1,1999,112116,Petrol,110,1,Green,0,1600,5,4,5,85,1070
663,10500,66,3,1999,112000,Petrol,110,1,Black,0,1600,3,4,6,85,1065
664,7950,62,7,1999,112000,Diesel,72,0,Grey,0,2000,4,4,5,64,1135
665,9750,65,4,1999,111769,Petrol,110,0,Red,0,1600,3,4,6,85,1065
666,9250,61,8,1999,110853,Petrol,110,1,Grey,0,1600,5,4,5,85,1070
667,9500,68,1,1999,110287,Petrol,110,1,Black,0,1600,3,4,5,69,1050
668,9950,62,7,1999,109547,Petrol,110,0,Green,0,1600,5,4,5,85,1075
669,7750,63,6,1999,109230,Petrol,110,0,Grey,0,1600,3,4,5,69,1050
670,9500,68,1,1999,109150,Petrol,110,0,Red,0,1600,5,4,5,85,1075
671,9950,67,2,1999,108793,Petrol,110,1,Silver,0,1600,4,4,5,69,1035
672,9750,64,5,1999,106784,Petrol,110,0,Blue,1,1600,3,4,5,19,1050
673,9750,58,11,1999,105942,Petrol,86,0,Red,0,1300,5,4,5,69,1040
674,5950,59,10,1999,105000,Petrol,86,1,Silver,0,1300,3,4,5,19,1015
675,8500,62,7,1999,105000,Petrol,86,0,Black,0,1300,5,4,5,69,1040
676,8495,68,1,1999,104299,Petrol,110,1,Grey,0,1600,5,4,5,85,1085
677,9250,67,2,1999,104000,Petrol,86,0,Grey,0,1300,3,4,5,69,1020
678,6900,68,1,1999,104000,Petrol,86,1,Green,0,1300,3,4,5,19,1015
679,8950,58,11,1999,103458,Petrol,86,1,Red,0,1300,3,4,5,69,1025
680,9500,63,6,1999,103400,Petrol,110,1,Green,0,1600,5,4,5,85,1075
681,9250,63,6,1999,102807,Petrol,86,0,Black,0,1300,5,4,5,85,1055
682,9895,68,1,1999,102494,Petrol,110,0,Red,0,1600,5,4,5,85,1090
683,9950,57,12,1999,102300,Diesel,72,1,Blue,0,2000,5,4,5,185,1135
684,7950,61,8,1999,102106,Petrol,110,0,Blue,0,1600,3,4,5,69,1050
685,8750,68,1,1999,101889,Petrol,110,1,Green,0,1600,5,4,5,85,1075
686,8250,57,12,1999,101791,Diesel,72,0,Green,0,2000,3,4,5,185,1115
687,8950,63,6,1999,101469,Petrol,110,1,Blue,0,1600,3,4,6,85,1065
688,8950,68,1,1999,101001,Petrol,110,0,Red,0,1600,5,4,5,85,1075
689,8950,61,8,1999,100748,Petrol,110,0,Red,0,1600,5,4,5,85,1070
690,8950,65,4,1999,100550,Petrol,110,1,Red,0,1600,5,4,5,85,1075
691,9450,67,2,1999,99781,Petrol,110,1,Grey,0,1600,5,4,5,85,1085
692,8950,59,10,1999,98658,Petrol,86,1,Silver,0,1300,3,4,5,69,1020
693,9250,65,4,1999,98500,Petrol,110,1,Grey,0,1600,5,4,5,85,1075
694,8750,64,5,1999,98291,Petrol,86,0,Green,0,1300,4,4,5,69,1000
695,9950,61,8,1999,97648,Petrol,110,1,Beige,0,1600,3,4,6,85,1065
696,9950,61,8,1999,97425,Petrol,110,1,Black,0,1600,5,4,5,85,1075
697,9900,65,4,1999,97173,Petrol,86,0,Blue,0,1300,3,4,5,69,1015
698,8950,66,3,1999,97046,Petrol,86,1,Grey,0,1300,4,4,5,69,1000
699,8950,67,2,1999,96000,Petrol,110,1,Black,0,1600,3,4,5,69,1050
700,12250,60,9,1999,96000,Diesel,72,0,Red,0,2000,4,4,5,185,1100
701,9250,67,2,1999,95750,Petrol,110,1,Green,0,1600,5,4,5,85,1070
702,10250,61,8,1999,95147,Petrol,110,1,Silver,0,1600,3,4,5,85,1050
703,8950,68,1,1999,95000,Petrol,110,0,Red,0,1600,3,4,5,69,1050
704,7999,65,4,1999,95000,Petrol,110,1,Silver,0,1600,3,4,5,69,1050
705,9900,66,3,1999,94606,Petrol,110,0,Black,0,1600,3,4,5,85,1065
706,8250,63,6,1999,94504,Petrol,86,1,Red,0,1300,4,4,5,69,1000
707,10500,65,4,1999,93428,Petrol,110,1,Green,0,1600,5,4,5,85,1075
708,8450,65,4,1999,93408,Petrol,86,0,Blue,0,1300,3,4,5,69,1015
709,9900,68,1,1999,93296,Petrol,110,1,Silver,0,1600,5,4,5,85,1090
710,10500,62,7,1999,93098,Petrol,110,1,Red,0,1600,5,4,5,85,1075
711,8500,67,2,1999,92922,Diesel,72,1,Green,0,2000,4,4,5,185,1100
712,9500,61,8,1999,92498,Petrol,110,1,Green,0,1600,3,4,5,69,1050
713,9450,65,4,1999,92226,Petrol,110,0,Red,0,1600,3,4,6,85,1065
714,9900,68,1,1999,91505,Diesel,72,0,Red,0,2000,3,4,5,185,1115
715,8250,64,5,1999,91333,Petrol,110,1,Blue,0,1600,3,4,5,69,1050
716,8750,65,4,1999,91246,Petrol,86,1,Silver,0,1300,3,4,5,69,1015
717,9500,58,11,1999,91000,Petrol,110,1,Grey,0,1600,5,4,5,85,1075
718,8450,68,1,1999,90727,Petrol,110,0,Red,0,1600,3,4,5,69,1050
719,8490,62,7,1999,90000,Petrol,110,0,Red,0,1600,3,4,5,69,1050
720,8750,60,9,1999,89576,Petrol,110,0,Red,0,1600,4,4,5,69,1035
721,9750,64,5,1999,89145,Petrol,86,1,Blue,0,1300,3,4,5,69,1025
722,9950,63,6,1999,89000,Petrol,110,1,White,0,1600,5,4,5,85,1085
723,8500,68,1,1999,88807,Petrol,110,0,Red,0,1600,3,4,5,69,1050
724,8450,63,6,1999,88685,Petrol,110,0,Grey,0,1600,5,4,5,85,1070
725,7900,62,7,1999,88667,Petrol,110,1,Red,0,1600,4,4,5,69,1040
726,8750,57,12,1999,88480,Petrol,110,1,Green,0,1600,3,4,5,69,1050
727,7950,61,8,1999,88127,Petrol,86,0,Red,0,1300,3,4,5,69,1015
728,6900,62,7,1999,88000,Petrol,86,0,Blue,0,1300,3,4,5,69,1020
729,8150,65,4,1999,87821,Petrol,86,1,Grey,0,1300,3,4,5,69,1015
730,10995,59,10,1999,87654,Petrol,86,1,Green,1,1300,5,4,5,85,1065
731,8900,59,10,1999,86888,Petrol,110,1,Red,0,1600,3,4,5,69,1050
732,9500,59,10,1999,86871,Petrol,86,1,Black,0,1300,5,4,5,69,1040
733,8950,68,1,1999,86714,Petrol,110,1,Silver,0,1600,4,4,5,69,1035
734,11500,65,4,1999,85889,Petrol,110,0,Red,0,1600,3,4,6,85,1065
735,10450,62,7,1999,85000,Petrol,110,1,Silver,0,1600,3,4,5,69,1050
736,10500,60,9,1999,85000,Petrol,86,1,Black,0,1300,3,4,5,69,1025
737,9250,68,1,1999,84976,Petrol,110,1,Silver,0,1600,4,4,5,69,1035
738,10950,65,4,1999,84558,Petrol,110,1,Silver,0,1600,5,4,5,19,1120
739,10450,62,7,1999,84549,Petrol,110,0,Silver,0,1600,5,4,5,85,1075
740,9250,68,1,1999,84482,Petrol,110,1,Grey,0,1600,5,4,5,85,1075
741,8750,62,7,1999,83908,Petrol,110,1,Grey,0,1600,5,4,5,85,1070
742,8750,67,2,1999,83560,Petrol,86,0,Red,0,1300,3,4,5,69,1015
743,9800,68,1,1999,83000,Petrol,107,1,Grey,1,1600,5,4,5,85,1100
744,8250,64,5,1999,82723,Petrol,86,0,Blue,0,1300,3,4,5,69,1015
745,10450,62,7,1999,82421,Petrol,110,1,Black,0,1600,3,4,6,85,1065
746,9750,58,11,1999,82254,Petrol,110,0,Red,0,1600,5,4,5,69,1050
747,8950,61,8,1999,82115,Petrol,110,1,Red,0,1600,3,4,5,85,1055
748,7450,65,4,1999,82000,Petrol,86,1,Blue,0,1300,3,4,5,69,1015
749,8450,68,1,1999,81965,Petrol,86,1,Black,0,1300,5,4,5,69,1035
750,8250,66,3,1999,81250,Petrol,110,0,Grey,0,1600,3,4,5,19,1050
751,10950,65,4,1999,81192,Petrol,110,1,Black,0,1600,3,4,6,85,1065
752,8950,61,8,1999,81170,Petrol,110,1,Silver,0,1600,4,4,5,69,1040
753,8750,66,3,1999,81083,Petrol,86,0,Red,0,1300,3,4,5,69,1015
754,10450,61,8,1999,80714,Petrol,110,1,Black,0,1600,5,4,5,85,1075
755,10950,57,12,1999,80470,Petrol,110,0,Red,0,1600,5,4,5,85,1085
756,8450,65,4,1999,80439,Petrol,110,1,Green,0,1600,4,4,5,69,1035
757,9950,59,10,1999,80430,Petrol,110,1,Black,0,1600,3,4,6,85,1065
758,9950,68,1,1999,80426,Petrol,110,1,Green,0,1600,3,4,5,85,1055
759,8750,62,7,1999,80265,Petrol,86,0,Red,0,1300,3,4,5,69,1015
760,9950,65,4,1999,80153,Petrol,110,0,Green,0,1600,5,4,5,85,1070
761,9500,68,1,1999,80121,Petrol,110,0,Red,0,1600,5,4,5,85,1070
762,8250,65,4,1999,80086,Petrol,110,1,Red,0,1600,4,4,5,69,1035
763,10950,62,7,1999,80000,Petrol,110,0,Grey,0,1600,5,4,5,85,1075
764,7950,60,9,1999,80000,Petrol,86,0,Green,0,1300,5,4,5,19,1015
765,8250,65,4,1999,80000,Petrol,86,1,Black,0,1300,2,4,5,19,1015
766,9895,67,2,1999,79858,Petrol,110,1,Green,0,1600,4,4,5,69,1040
767,9130,67,2,1999,79762,Petrol,86,1,Grey,0,1300,3,4,5,69,1015
768,10950,59,10,1999,79660,Petrol,86,0,Green,1,1300,5,4,5,85,1065
769,10500,60,9,1999,79150,Petrol,110,1,Green,0,1600,5,4,5,85,1075
770,8900,61,8,1999,79000,Petrol,110,1,Green,0,1600,3,4,5,69,1050
771,9500,57,12,1999,78955,Petrol,86,1,Silver,0,1300,5,4,5,69,1045
772,10950,59,10,1999,78750,Diesel,90,1,Silver,0,1975,5,4,5,210,1155
773,7950,68,1,1999,78521,Petrol,86,0,Green,0,1300,3,4,5,69,1015
774,7950,64,5,1999,78356,Petrol,86,1,Silver,0,1300,3,4,5,69,1015
775,7950,65,4,1999,78076,Petrol,86,1,Grey,0,1300,3,4,5,69,1015
776,9500,61,8,1999,78063,Petrol,107,1,Green,1,1600,5,4,5,85,1100
777,10950,67,2,1999,77821,Petrol,110,1,Green,0,1600,5,4,5,85,1075
778,9750,68,1,1999,77695,Petrol,110,1,Grey,0,1600,4,4,5,69,1035
779,9750,65,4,1999,77500,Petrol,110,1,Blue,0,1600,3,4,5,69,1050
780,9450,63,6,1999,77457,Petrol,110,1,Black,0,1600,3,4,5,85,1055
781,8950,68,1,1999,77029,Petrol,86,1,Black,0,1300,3,4,5,69,1015
782,8950,68,1,1999,77008,Petrol,86,1,Violet,0,1300,3,4,5,69,1015
783,8900,66,3,1999,76791,Petrol,110,1,Grey,0,1600,5,4,5,85,1070
784,9950,61,8,1999,76700,Petrol,86,1,Red,0,1300,5,4,5,69,1035
785,8750,67,2,1999,76569,Petrol,86,1,Black,0,1300,3,4,5,69,1020
786,8950,59,10,1999,76162,Petrol,110,1,Green,0,1600,5,4,5,85,1075
787,8990,65,4,1999,76155,Petrol,110,1,Red,0,1600,4,4,5,69,1035
788,8950,61,8,1999,75609,Petrol,86,1,Silver,0,1300,3,4,5,69,1015
789,8950,62,7,1999,75569,Diesel,72,1,Green,0,2000,3,4,5,185,1120
790,9950,67,2,1999,75429,Petrol,110,1,Black,0,1600,3,4,6,85,1065
791,9900,68,1,1999,75000,Petrol,110,1,Green,0,1600,5,4,5,85,1075
792,8950,65,4,1999,75000,Petrol,86,0,Black,0,1300,3,4,5,19,1015
793,8950,62,7,1999,75000,Petrol,110,1,Blue,0,1600,5,4,5,85,1070
794,9500,66,3,1999,74963,Petrol,107,0,Blue,1,1600,3,4,5,85,1085
795,7950,68,1,1999,74889,Petrol,86,1,Black,0,1300,3,4,5,69,1015
796,7750,68,1,1999,74875,Petrol,110,0,Red,0,1600,5,4,5,85,1070
797,8950,63,6,1999,74747,Petrol,110,1,Green,0,1600,5,4,5,85,1075
798,11950,60,9,1999,74720,Petrol,110,1,Red,0,1600,5,4,5,85,1085
799,8950,62,7,1999,74457,Petrol,110,0,Green,0,1600,5,4,5,85,1075
800,11950,60,9,1999,74337,Petrol,86,0,Blue,0,1300,5,4,5,69,1035
801,8950,68,1,1999,74308,Petrol,110,0,Red,0,1600,3,4,5,69,1050
802,9950,64,5,1999,74193,Petrol,110,0,Silver,0,1600,3,4,5,69,1050
803,8250,65,4,1999,74179,Petrol,110,1,Red,0,1600,3,4,5,69,1050
804,8995,67,2,1999,73936,Petrol,86,1,Green,0,1300,5,4,5,69,1050
805,9995,61,8,1999,73894,Petrol,110,1,Black,0,1600,3,4,6,85,1065
806,9250,64,5,1999,73500,Petrol,110,1,Blue,0,1600,3,4,5,69,1050
807,10950,64,5,1999,73376,Petrol,110,0,Red,0,1600,5,4,5,85,1070
808,8900,64,5,1999,73300,Petrol,86,1,Blue,0,1300,3,4,5,69,1015
809,9500,58,11,1999,73172,Petrol,110,1,Green,0,1600,5,4,5,85,1075
810,9950,58,11,1999,72928,Petrol,110,1,Green,0,1600,5,4,5,85,1075
811,7950,67,2,1999,72880,Petrol,86,1,Black,0,1332,3,4,5,69,1015
812,8250,63,6,1999,72522,Petrol,110,1,Green,0,1600,3,4,5,69,1050
813,9450,64,5,1999,72000,Petrol,86,1,Green,0,1300,3,4,5,69,1015
814,7950,57,12,1999,72000,Petrol,86,0,Red,0,1300,3,4,5,69,1015
815,9500,59,10,1999,71366,Petrol,110,0,Black,0,1600,3,4,6,85,1065
816,8950,65,4,1999,71317,Petrol,110,0,Blue,0,1600,3,4,5,69,1050
817,10950,62,7,1999,71000,Petrol,110,0,Black,0,1600,5,4,5,85,1070
818,8950,60,9,1999,70954,Petrol,110,0,Green,0,1600,3,4,5,69,1050
819,9450,63,6,1999,70908,Petrol,86,0,Red,0,1300,5,4,5,69,1035
820,8000,58,11,1999,70560,Petrol,110,1,Blue,0,1600,3,4,5,69,1050
821,9900,67,2,1999,70552,Petrol,110,0,Grey,0,1600,5,4,5,85,1075
822,8950,62,7,1999,70500,Petrol,110,1,Blue,0,1600,5,4,5,69,1035
823,10900,60,9,1999,70453,Diesel,72,0,Red,0,2000,5,4,5,185,1135
824,9450,59,10,1999,70218,Petrol,110,1,Green,0,1600,3,4,5,69,1050
825,8450,64,5,1999,70116,Petrol,110,1,Red,0,1600,4,4,5,69,1035
826,9500,65,4,1999,70068,Petrol,110,1,Green,0,1600,5,4,5,85,1075
827,10500,67,2,1999,70000,Petrol,107,1,Silver,1,1587,3,4,5,19,1065
828,6950,68,1,1999,70000,Petrol,86,1,Blue,0,1300,3,4,5,69,1015
829,9750,68,1,1999,69103,Petrol,110,0,Red,0,1600,4,4,5,69,1035
830,6950,58,11,1999,69022,Petrol,86,1,Black,0,1300,5,4,5,69,1035
831,9650,67,2,1999,69000,Petrol,110,1,Black,0,1600,3,4,6,85,1065
832,9950,68,1,1999,68865,Petrol,110,1,Black,0,1600,3,4,6,85,1065
833,9250,58,11,1999,68723,Petrol,86,0,Red,0,1300,3,4,5,69,1025
834,8950,63,6,1999,68453,Petrol,110,1,Red,0,1600,5,4,5,85,1070
835,9900,63,6,1999,68238,Petrol,86,0,Red,0,1300,5,4,5,69,1050
836,10995,63,6,1999,68153,Petrol,110,1,Black,0,1600,5,4,5,85,1085
837,10500,65,4,1999,68000,Petrol,110,0,Red,0,1600,5,4,5,85,1075
838,8950,65,4,1999,68000,Petrol,86,1,Black,0,1300,3,4,5,69,1015
839,9750,67,2,1999,67762,Petrol,110,1,Black,0,1600,3,4,6,85,1065
840,10950,68,1,1999,67146,Petrol,110,1,Silver,0,1600,5,4,5,85,1075
841,9750,67,2,1999,67110,Petrol,86,1,Grey,0,1300,5,4,5,69,1035
842,9950,59,10,1999,67010,Petrol,110,1,Blue,0,1600,3,4,6,85,1065
843,10500,65,4,1999,67003,Petrol,110,1,Red,0,1600,4,4,5,69,1035
844,10400,68,1,1999,66785,Petrol,86,0,Blue,1,1300,3,4,5,69,1045
845,8800,68,1,1999,66550,Petrol,86,0,Red,0,1332,3,4,5,69,1010
846,10500,61,8,1999,66259,Petrol,110,1,Black,0,1600,3,4,6,85,1065
847,9250,62,7,1999,66082,Petrol,110,0,Green,0,1600,5,4,5,85,1070
848,7800,65,4,1999,66000,Petrol,86,1,Green,0,1300,3,4,5,69,1015
849,9950,61,8,1999,66000,Petrol,110,0,Red,0,1600,3,4,5,69,1050
850,10750,63,6,1999,65896,Petrol,110,1,Red,0,1600,3,4,6,85,1065
851,10950,67,2,1999,65785,Petrol,110,1,Grey,0,1600,5,4,5,85,1075
852,9950,65,4,1999,65513,Petrol,110,1,Grey,1,1600,4,4,5,85,1070
853,9950,59,10,1999,65463,Petrol,110,1,Green,0,1600,5,4,5,85,1070
854,8100,68,1,1999,65400,Petrol,86,1,Blue,0,1300,4,4,5,69,1000
855,9250,60,9,1999,65259,Petrol,110,1,Silver,0,1600,3,4,5,69,1050
856,7800,64,5,1999,65000,Petrol,110,1,Blue,0,1600,3,4,5,69,1050
857,9000,68,1,1999,65000,Petrol,110,0,Red,0,1600,5,4,5,85,1070
858,8950,57,12,1999,65000,Petrol,110,0,Red,0,1600,4,4,5,69,1035
859,8950,62,7,1999,64966,Petrol,86,0,Grey,0,1300,3,4,5,69,1020
860,9950,68,1,1999,64950,Petrol,110,1,Green,0,1600,5,4,5,85,1075
861,8500,60,9,1999,64914,Petrol,110,1,Grey,0,1600,5,4,5,85,1070
862,7995,62,7,1999,64797,Petrol,110,1,Green,0,1600,5,4,5,85,1075
863,8750,65,4,1999,64772,Petrol,110,1,Grey,0,1600,3,4,5,69,1050
864,9750,63,6,1999,64690,Petrol,86,0,Red,0,1300,3,4,5,69,1020
865,10950,65,4,1999,64630,Petrol,110,0,Silver,0,1600,5,4,5,85,1070
866,9750,67,2,1999,64613,Petrol,110,1,Red,0,1600,5,4,5,85,1085
867,8200,60,9,1999,64383,Petrol,86,0,Red,0,1300,3,4,5,69,1015
868,8950,68,1,1999,64000,Petrol,110,0,Red,0,1600,5,4,5,85,1075
869,9500,66,3,1999,63881,Petrol,86,0,Grey,0,1300,3,4,5,69,1015
870,10950,58,11,1999,63870,Diesel,72,0,Grey,0,2000,5,4,5,185,1135
871,9750,66,3,1999,63328,Petrol,86,0,Red,1,1300,5,4,5,85,1065
872,9950,65,4,1999,63000,Petrol,86,1,Black,1,1300,5,4,5,85,1065
873,10450,61,8,1999,63000,Petrol,86,0,Green,1,1300,3,4,5,69,1050
874,9850,65,4,1999,62396,Petrol,110,0,White,0,1600,3,4,5,69,1050
875,9450,62,7,1999,62377,Petrol,110,1,Grey,0,1600,5,4,5,85,1075
876,10295,67,2,1999,62316,Petrol,110,1,Grey,0,1600,3,4,5,69,1050
877,9750,68,1,1999,62292,Petrol,110,1,Black,0,1600,3,4,6,85,1065
878,8950,65,4,1999,62225,Petrol,110,1,Green,0,1600,3,4,5,69,1050
879,9900,68,1,1999,62222,Petrol,110,0,Green,0,1600,5,4,5,85,1075
880,8750,66,3,1999,62135,Petrol,86,1,Green,0,1300,5,4,5,69,1035
881,9950,58,11,1999,62024,Petrol,110,1,Black,0,1600,5,4,5,85,1075
882,8500,60,9,1999,61977,Petrol,86,1,Silver,0,1300,3,4,5,69,1015
883,9950,62,7,1999,61930,Petrol,110,1,Red,0,1600,4,4,5,69,1035
884,10950,57,12,1999,61682,Petrol,110,0,Blue,0,1600,3,4,5,69,1050
885,9795,68,1,1999,61568,Petrol,110,1,Silver,0,1600,4,4,5,69,1035
886,8750,68,1,1999,61504,Petrol,110,1,Green,0,1600,4,4,5,69,1035
887,8250,65,4,1999,61384,Petrol,110,1,Black,0,1600,3,4,5,69,1050
888,9950,58,11,1999,61343,Petrol,110,1,Grey,0,1600,5,4,5,85,1075
889,9950,62,7,1999,61254,Petrol,110,0,Red,0,1600,5,4,5,85,1075
890,10500,59,10,1999,61166,Petrol,110,1,Red,0,1600,3,4,5,69,1050
891,9750,62,7,1999,61149,Petrol,86,1,Black,0,1300,5,4,5,69,1040
892,11250,61,8,1999,61144,Petrol,110,1,Silver,0,1600,5,4,5,85,1090
893,8900,59,10,1999,61127,Petrol,110,1,Grey,0,1600,3,4,5,69,1050
894,7950,60,9,1999,61100,Petrol,86,1,Blue,0,1300,3,4,5,69,1015
895,11500,68,1,1999,61100,Petrol,110,1,Green,0,1600,5,4,5,85,1075
896,9450,57,12,1999,61000,Petrol,110,1,Green,0,1600,3,4,5,69,1050
897,7995,65,4,1999,60724,Petrol,86,1,Red,0,1300,3,4,5,69,1015
898,10995,59,10,1999,60708,Petrol,86,1,Grey,0,1300,5,4,5,69,1045
899,8950,61,8,1999,60532,Petrol,110,1,Red,0,1600,3,4,5,69,1050
900,8250,67,2,1999,60000,Petrol,86,0,Grey,1,1300,4,4,5,69,1030
901,8950,66,3,1999,60000,Petrol,86,1,Blue,0,1300,3,4,5,69,1015
902,8950,65,4,1999,60000,Petrol,86,1,Silver,0,1300,3,4,5,69,1015
903,9500,62,7,1999,59295,Petrol,86,0,Red,0,1300,5,4,5,69,1035
904,7500,65,4,1999,59264,Petrol,86,0,Silver,0,1300,3,4,5,69,1015
905,8950,63,6,1999,59000,Petrol,110,0,Blue,0,1600,3,4,5,69,1050
906,9950,63,6,1999,59000,Petrol,86,1,Silver,0,1300,5,4,5,19,1035
907,9750,65,4,1999,59000,Petrol,110,0,Green,0,1600,5,4,5,19,1075
908,9450,61,8,1999,59000,Petrol,110,1,Red,0,1600,5,4,5,85,1070
909,9950,65,4,1999,59000,Petrol,110,0,Grey,0,1600,3,4,5,69,1050
910,9750,68,1,1999,58860,Petrol,110,1,Grey,0,1600,3,4,5,85,1055
911,8950,65,4,1999,58829,Petrol,110,0,Blue,0,1600,3,4,5,69,1050
912,8250,66,3,1999,58654,Petrol,110,1,Grey,0,1600,5,4,5,85,1070
913,7750,65,4,1999,58300,Petrol,86,1,Green,0,1300,3,4,5,69,1015
914,8950,60,9,1999,58269,Petrol,110,1,Red,0,1600,3,4,5,69,1050
915,9950,64,5,1999,58136,Petrol,110,1,Black,0,1600,5,4,5,85,1075
916,9450,66,3,1999,58113,Petrol,107,1,Black,1,1600,3,4,5,85,1085
917,12950,67,2,1999,58058,Petrol,110,1,Black,0,1600,3,4,6,85,1065
918,9950,58,11,1999,58000,Petrol,110,1,Black,0,1600,3,4,5,69,1050
919,10495,62,7,1999,58000,Petrol,110,1,Green,0,1600,3,4,6,85,1065
920,7950,68,1,1999,57565,Petrol,86,1,Green,0,1300,5,4,5,69,1035
921,10500,63,6,1999,57413,Petrol,107,0,Red,1,1600,5,4,5,85,1115
922,8950,65,4,1999,57374,Petrol,110,1,Blue,0,1600,5,4,5,85,1075
923,9900,62,7,1999,57179,Petrol,110,1,Blue,0,1600,5,4,5,85,1075
924,9995,61,8,1999,57169,Petrol,110,1,Grey,0,1600,3,4,6,85,1065
925,9950,63,6,1999,57124,Petrol,110,1,Blue,0,1600,3,4,6,85,1065
926,9950,63,6,1999,57000,Petrol,110,1,Grey,0,1600,3,4,5,69,1050
927,8250,67,2,1999,57000,Petrol,110,0,Grey,0,1600,3,4,5,69,1050
928,9950,63,6,1999,57000,Petrol,86,1,Green,0,1300,5,4,5,69,1035
929,8950,59,10,1999,56259,Petrol,86,0,Red,0,1300,3,4,5,69,1015
930,10950,62,7,1999,56209,Petrol,107,1,Grey,1,1600,3,4,5,85,1080
931,9250,67,2,1999,56074,Petrol,86,0,Red,0,1300,4,4,5,69,1000
932,9950,63,6,1999,55942,Petrol,110,1,Green,0,1600,5,4,5,85,1070
933,9995,57,12,1999,55844,Petrol,86,1,Blue,0,1300,5,4,5,69,1045
934,8750,61,8,1999,55747,Petrol,86,0,Blue,0,1300,3,4,5,69,1020
935,10950,58,11,1999,55478,Petrol,86,0,Red,0,1300,5,4,5,69,1045
936,10350,60,9,1999,55085,Petrol,107,0,Blue,1,1600,5,4,5,85,1105
937,9950,65,4,1999,55061,Petrol,110,1,Grey,0,1600,5,4,5,85,1070
938,8950,65,4,1999,55000,Petrol,86,1,Silver,0,1300,3,4,5,69,1015
939,10950,57,12,1999,55000,Petrol,110,0,Black,0,1600,5,4,5,85,1075
940,10950,63,6,1999,54936,Petrol,110,1,Grey,0,1600,5,4,5,85,1075
941,8950,68,1,1999,54875,Petrol,110,1,Silver,0,1600,5,4,5,85,1070
942,8900,67,2,1999,54847,Petrol,110,0,Red,0,1600,3,4,5,69,1050
943,10250,60,9,1999,54554,Petrol,110,1,Black,0,1600,3,4,6,85,1065
944,9450,61,8,1999,54125,Petrol,110,1,Silver,0,1600,5,4,5,69,1035
945,9250,61,8,1999,54000,Petrol,110,1,Red,0,1600,3,4,5,85,1055
946,10500,57,12,1999,54000,Petrol,110,1,Black,0,1600,5,4,5,85,1075
947,7350,58,11,1999,54000,Petrol,86,0,Blue,0,1300,5,4,5,69,1035
948,10250,57,12,1999,54000,Petrol,110,1,Black,0,1600,3,4,5,19,1135
949,10250,62,7,1999,53285,Petrol,110,1,Green,0,1600,5,4,5,85,1075
950,11500,65,4,1999,53053,Petrol,110,1,Black,0,1600,5,4,5,85,1075
951,8950,68,1,1999,53000,Petrol,110,1,Green,1,1587,3,4,5,19,1075
952,7750,68,1,1999,53000,Petrol,86,0,Red,0,1300,3,4,5,69,1015
953,9500,64,5,1999,52968,Petrol,110,1,Red,0,1600,3,4,5,69,1050
954,8450,67,2,1999,52800,Petrol,86,1,Black,0,1300,3,4,5,69,1015
955,8950,57,12,1999,52548,Petrol,110,0,Red,0,1600,3,4,5,69,1050
956,8400,60,9,1999,52487,Petrol,110,1,Beige,0,1600,4,4,5,69,1035
957,9250,66,3,1999,52383,Petrol,86,0,Blue,0,1300,3,4,5,69,1015
958,8900,61,8,1999,52112,Petrol,110,1,Grey,0,1600,4,4,5,69,1035
959,8750,58,11,1999,51712,Petrol,110,0,Red,0,1600,3,4,5,69,1050
960,10950,58,11,1999,51421,Petrol,110,0,Silver,1,1600,5,4,3,85,1105
961,8950,61,8,1999,51235,Petrol,86,1,Red,0,1300,4,4,5,69,1000
962,8950,65,4,1999,51000,Petrol,86,1,Grey,0,1300,3,4,5,69,1015
963,8895,61,8,1999,50925,Petrol,110,1,Grey,0,1600,5,4,5,85,1070
964,9390,66,3,1999,50806,Petrol,86,0,Green,0,1300,3,4,5,19,1480
965,8750,59,10,1999,50469,Petrol,110,1,Black,0,1600,5,4,5,85,1070
966,9750,61,8,1999,50173,Petrol,110,1,Grey,0,1600,5,4,5,85,1075
967,9950,62,7,1999,50000,Petrol,110,1,Blue,0,1600,5,4,5,85,1075
968,10950,65,4,1999,49942,Petrol,110,0,Red,0,1600,3,4,6,85,1065
969,9900,67,2,1999,49585,Petrol,110,0,Red,0,1600,5,4,5,85,1085
970,9500,62,7,1999,49258,Petrol,110,1,Grey,0,1600,4,4,5,69,1035
972,9950,61,8,1999,49000,Petrol,110,0,Red,0,1600,3,4,5,69,1050
973,9950,63,6,1999,48738,Petrol,110,0,Blue,0,1600,5,4,5,85,1055
974,10500,62,7,1999,47750,Petrol,86,1,Blue,0,1300,5,4,5,69,1040
975,9950,63,6,1999,47612,Petrol,86,0,Blue,0,1300,3,4,5,69,1015
976,10495,68,1,1999,47500,Petrol,86,1,Green,0,1300,5,4,5,69,1035
977,9500,66,3,1999,47237,Petrol,110,0,Silver,0,1600,3,4,5,69,1050
978,8500,58,11,1999,47171,Petrol,86,1,Blue,0,1300,3,4,5,69,1015
979,10450,60,9,1999,47060,Petrol,110,0,Grey,0,1600,4,4,5,69,1035
980,8950,65,4,1999,47014,Petrol,86,1,Grey,0,1300,3,4,5,69,1015
981,9900,59,10,1999,46929,Petrol,86,1,Grey,0,1300,3,4,5,69,1025
982,8900,63,6,1999,46000,Petrol,86,0,Green,0,1300,5,4,5,69,1035
983,8745,65,4,1999,45681,Petrol,110,0,Red,0,1600,3,4,5,69,1050
984,8750,65,4,1999,45549,Petrol,86,1,Blue,0,1300,3,4,5,69,1015
985,10750,57,12,1999,45000,Petrol,110,1,Black,0,1600,5,4,5,69,1050
986,9750,57,12,1999,45000,Petrol,110,1,Black,0,1600,3,4,5,69,1050
987,8850,65,4,1999,45000,Petrol,110,0,Green,0,1600,5,4,5,85,1075
988,7950,66,3,1999,45000,Petrol,86,1,Grey,0,1300,5,4,5,69,1035
989,9450,63,6,1999,45000,Petrol,110,1,Violet,0,1600,4,4,5,69,1035
990,9950,61,8,1999,45000,Petrol,107,0,Red,1,1600,3,4,5,85,1085
991,8250,63,6,1999,44944,Petrol,110,1,Green,0,1600,4,4,5,69,1035
992,9950,61,8,1999,44597,Petrol,86,0,White,0,1300,3,4,5,19,1015
993,9995,68,1,1999,44458,Petrol,86,0,Red,0,1300,3,4,5,69,1015
994,9950,59,10,1999,43818,Petrol,110,0,Red,0,1600,5,4,5,85,1070
995,10495,60,9,1999,43426,Petrol,110,1,Green,0,1600,5,4,5,85,1070
996,7950,58,11,1999,43000,CNG,110,1,Silver,1,1600,4,4,3,72,1114
997,8950,68,1,1999,43000,Petrol,110,1,Silver,0,1600,5,4,5,69,1035
998,9695,57,12,1999,43000,Petrol,110,0,Green,0,1600,5,4,5,85,1075
999,7750,64,5,1999,43000,Petrol,86,0,Blue,0,1300,3,4,5,69,1015
1000,9950,68,1,1999,42750,Petrol,110,1,Blue,0,1600,3,4,5,69,1050
1001,9950,67,2,1999,42102,Petrol,110,1,Silver,0,1600,5,4,5,85,1075
1002,9950,63,6,1999,41586,Petrol,110,1,Blue,0,1600,5,4,5,19,1114
1003,9900,64,5,1999,41200,Petrol,110,0,Red,0,1600,5,4,5,85,1070
1004,10950,57,12,1999,40214,Petrol,86,0,Red,0,1300,3,4,5,69,1025
1005,8950,60,9,1999,40000,Petrol,86,1,Blue,0,1300,4,4,5,69,1000
1006,8950,66,3,1999,39222,Petrol,86,1,Red,1,1300,3,4,5,69,1045
1007,8250,66,3,1999,39144,Petrol,110,1,Green,0,1600,3,4,5,69,1050
1008,10250,62,7,1999,39000,Petrol,110,1,Green,0,1600,5,4,5,85,1075
1009,8750,61,8,1999,38019,Petrol,110,1,Blue,0,1600,5,4,5,85,1070
1010,9750,68,1,1999,37759,Petrol,110,1,Blue,0,1600,5,4,5,85,1070
1011,10950,61,8,1999,37500,Petrol,110,0,White,0,1600,5,4,5,85,1085
1012,10950,60,9,1999,37111,Petrol,110,1,Red,0,1600,3,4,5,69,1050
1013,9750,62,7,1999,37000,Petrol,86,0,Red,0,1300,3,4,5,69,1015
1014,8900,59,10,1999,36954,Petrol,110,1,Green,0,1600,3,4,5,69,1050
1015,9500,60,9,1999,36943,Petrol,110,0,Red,0,1600,5,4,5,85,1070
1016,9950,63,6,1999,36923,Petrol,86,0,Red,0,1300,5,4,5,69,1050
1017,9950,66,3,1999,36658,Petrol,110,0,Black,0,1600,3,4,5,69,1050
1018,8250,65,4,1999,36000,Petrol,86,1,Green,0,1300,3,4,5,69,1015
1019,10450,65,4,1999,36000,Petrol,110,1,Grey,0,1600,3,4,6,85,1065
1020,10950,62,7,1999,35512,Petrol,110,1,Black,0,1600,3,4,6,85,1065
1021,9250,65,4,1999,35283,Petrol,86,1,Green,0,1300,3,4,5,69,1015
1022,8900,68,1,1999,35000,Petrol,110,1,Grey,0,1600,3,4,5,69,1050
1023,10900,57,12,1999,35000,Petrol,86,1,Blue,0,1300,5,4,5,69,1045
1024,9750,64,5,1999,34114,Petrol,110,0,Blue,0,1600,3,4,5,69,1050
1025,11950,58,11,1999,34000,Petrol,110,0,Black,0,1600,5,4,5,85,1075
1026,7900,68,1,1999,33847,Petrol,86,1,Grey,0,1300,4,4,5,69,1000
1027,10900,57,12,1999,33535,Petrol,110,0,Red,0,1600,4,4,5,69,1035
1028,10450,65,4,1999,33000,Petrol,110,0,Blue,0,1600,3,4,5,69,1050
1029,10950,59,10,1999,32150,Petrol,110,1,Blue,0,1600,5,4,5,85,1085
1030,9950,65,4,1999,31588,Petrol,86,1,Green,0,1300,3,4,5,69,1015
1031,10750,60,9,1999,31480,Petrol,110,1,Red,0,1600,3,4,6,85,1065
1032,9900,57,12,1999,31307,Petrol,110,1,Green,0,1600,5,4,5,85,1070
1033,10750,68,1,1999,31000,Petrol,110,1,Grey,0,1600,4,4,5,69,1035
1034,10450,58,11,1999,30634,Petrol,110,1,Grey,0,1600,5,4,5,85,1075
1035,9450,68,1,1999,30300,Petrol,86,1,Red,0,1300,4,4,5,69,1000
1036,10750,60,9,1999,28500,Petrol,86,1,Grey,1,1300,3,4,5,69,1045
1037,10950,60,9,1999,28500,Petrol,110,0,Red,0,1600,5,4,5,85,1075
1038,10000,57,12,1999,28000,Petrol,86,0,Black,0,1300,3,4,5,69,1015
1039,10500,68,1,1999,26698,Petrol,110,0,Red,0,1600,3,4,5,85,1055
1040,12500,62,7,1999,26000,Petrol,107,0,Black,1,1600,3,4,5,85,1085
1041,8950,62,7,1999,25505,Petrol,86,1,Green,0,1300,5,4,5,69,1035
1042,10500,58,11,1999,25000,Petrol,110,1,Green,0,1600,5,4,5,85,1075
1043,9245,66,3,1999,22835,Petrol,110,1,Green,0,1600,3,4,5,69,1050
1044,10950,59,10,1999,22705,Petrol,110,1,Grey,0,1600,5,4,5,85,1075
1045,9500,63,6,1999,22178,Petrol,86,1,Red,0,1300,3,4,5,69,1015
1046,10900,62,7,1999,17345,Petrol,110,1,Red,0,1600,3,4,5,69,1050
1047,10950,67,2,1999,15535,Petrol,86,1,Grey,1,1300,4,4,5,69,1030
1048,9450,66,3,1999,15110,Petrol,86,0,Green,0,1300,5,4,5,69,1035
1049,5900,73,8,1998,232940,Diesel,72,0,Grey,0,2000,5,4,5,40,1172
1050,6950,79,2,1998,218118,Diesel,72,0,Black,0,2000,5,4,5,185,1150
1051,6000,78,3,1998,217764,Diesel,72,1,Green,0,2000,5,4,5,185,1135
1052,5250,79,2,1998,207114,CNG,110,1,Black,0,1600,5,4,5,197,1114
1053,4400,74,7,1998,203254,Diesel,72,1,Black,0,2000,3,4,5,64,1135
1054,6750,77,4,1998,200732,Diesel,72,1,Grey,0,2000,4,4,5,185,1100
1055,8500,69,12,1998,197501,Diesel,72,0,White,0,2000,5,4,5,185,1135
1056,6150,80,1,1998,194765,Diesel,72,0,Blue,0,2000,3,4,5,185,1120
1057,6950,76,5,1998,191620,Diesel,72,0,Black,0,2000,5,4,5,185,1150
1058,5750,76,5,1998,183277,Diesel,72,0,Black,0,2000,3,4,5,185,1115
1059,8750,78,3,1998,180378,Diesel,72,1,Red,0,2000,4,4,5,185,1100
1060,6500,70,11,1998,178800,Diesel,72,0,Red,0,2000,3,4,5,185,1115
1061,5950,73,8,1998,176177,Petrol,110,1,Silver,0,1600,5,4,5,85,1075
1062,6500,78,3,1998,176000,Petrol,86,0,Grey,0,1300,5,4,5,69,1035
1063,10500,77,4,1998,172980,Diesel,72,1,Black,0,2000,5,4,5,64,1135
1064,8500,77,4,1998,170000,Diesel,72,0,Red,0,2000,4,4,5,185,1100
1065,7950,71,10,1998,164000,Petrol,110,1,Blue,0,1600,3,4,5,19,1050
1066,5800,78,3,1998,161775,Petrol,86,1,Black,0,1300,3,4,5,69,1015
1067,6750,80,1,1998,160000,Petrol,86,0,Blue,0,1300,3,4,5,69,1015
1068,6950,78,3,1998,159968,Diesel,72,0,Red,0,2000,3,4,5,185,1115
1069,5740,74,7,1998,159908,Petrol,110,0,Red,0,1600,3,4,5,69,1050
1070,6550,73,8,1998,158492,Petrol,86,0,Grey,0,1300,3,4,5,69,1015
1071,8950,69,12,1998,156204,Diesel,72,1,Red,0,2000,3,4,5,185,1115
1072,6750,73,8,1998,156169,Petrol,86,1,Silver,0,1300,5,4,5,69,1035
1073,7950,78,3,1998,155210,Petrol,110,0,Blue,0,1600,3,4,5,69,1050
1074,7950,69,12,1998,155000,Diesel,72,0,Green,0,2000,3,4,5,185,1115
1075,7450,76,5,1998,154900,Diesel,72,1,Grey,0,2000,5,4,5,185,1140
1076,7750,70,11,1998,151300,Diesel,72,1,Black,0,2000,5,4,5,185,1150
1077,6450,71,10,1998,151000,CNG,110,1,Black,0,1600,5,4,5,197,1094
1078,7900,75,6,1998,150000,Diesel,72,1,Green,0,2000,3,4,5,64,1135
1079,6900,69,12,1998,146304,Diesel,72,1,Grey,0,2000,3,4,5,185,1115
1080,5600,75,6,1998,146197,Petrol,86,0,Blue,0,1300,3,4,5,69,1015
1081,5950,77,4,1998,145996,Petrol,110,0,Grey,0,1600,4,4,5,69,1035
1082,6950,80,1,1998,143560,Petrol,86,1,Green,1,1300,3,4,5,69,1045
1083,7950,71,10,1998,139145,Diesel,73,0,Black,0,2000,2,4,5,185,1115
1084,8950,79,2,1998,138500,Petrol,86,0,Grey,0,1300,5,4,5,69,1050
1085,7950,74,7,1998,137741,Diesel,90,1,Blue,0,2000,5,4,5,185,1135
1086,9500,80,1,1998,137178,Diesel,90,1,Silver,0,2000,5,4,5,185,1135
1087,8600,76,5,1998,134889,Diesel,72,1,Red,0,2000,3,4,5,185,1115
1088,5950,71,10,1998,134660,Diesel,72,0,White,0,2000,5,4,5,64,1135
1089,7750,73,8,1998,134539,Petrol,110,0,Blue,0,1600,5,4,5,85,1070
1091,7950,79,2,1998,131500,Diesel,72,0,Blue,0,2000,5,4,5,185,1140
1092,6950,77,4,1998,131307,Petrol,110,1,Red,0,1600,3,4,5,69,1050
1093,7250,74,7,1998,130025,Petrol,110,1,Grey,0,1600,3,4,5,69,1050
1094,6500,78,3,1998,130000,Petrol,86,0,Blue,0,1300,5,4,5,19,1015
1095,7250,77,4,1998,128960,Petrol,110,1,Red,0,1600,5,4,5,85,1070
1096,9250,80,1,1998,128351,Petrol,110,1,Grey,0,1600,5,4,5,85,1070
1097,8250,73,8,1998,128006,Petrol,110,1,Blue,0,1600,3,4,5,69,1050
1098,7250,71,10,1998,127159,Diesel,72,1,Red,0,2000,3,4,5,185,1115
1099,5250,72,9,1998,126478,Petrol,110,1,Green,0,1600,4,4,5,69,1035
1100,7900,77,4,1998,126000,Petrol,110,1,Blue,0,1600,5,4,5,69,1050
1101,6900,76,5,1998,125778,Petrol,110,0,Grey,0,1600,3,4,5,69,1050
1102,7900,75,6,1998,125400,Petrol,110,0,White,0,1600,3,4,5,69,1050
1103,7250,74,7,1998,124910,Diesel,72,0,Red,0,2000,5,4,5,185,1135
1104,8450,70,11,1998,124743,Petrol,110,1,Blue,0,1600,3,4,5,69,1050
1105,7950,76,5,1998,124591,Petrol,110,1,Blue,0,1600,5,4,5,85,1075
1106,7950,74,7,1998,124057,Petrol,110,1,Blue,0,1600,3,4,5,69,1050
1107,6450,72,9,1998,123403,Petrol,110,1,Green,0,1600,3,4,5,69,1050
1108,6650,75,6,1998,123104,Petrol,110,1,Blue,0,1600,5,4,5,85,1070
1109,7950,74,7,1998,123077,Petrol,86,1,Red,0,1300,3,4,5,69,1015
1110,7250,80,1,1998,122820,Petrol,86,0,Red,0,1300,5,4,5,69,1040
1111,7450,77,4,1998,122290,Petrol,110,0,Red,0,1600,3,4,5,69,1050
1112,7950,74,7,1998,121900,Petrol,110,1,Red,0,1600,4,4,5,69,1035
1113,7250,77,4,1998,121545,Petrol,110,1,Grey,0,1600,5,4,5,85,1070
1114,8250,71,10,1998,120474,Diesel,72,1,Black,0,2000,3,4,5,185,1115
1115,8950,76,5,1998,120263,Diesel,72,1,Black,0,2000,5,4,5,64,1135
1116,7750,74,7,1998,120196,Petrol,110,1,Black,0,1600,3,4,5,69,1050
1117,8500,71,10,1998,120000,Petrol,110,0,White,0,1600,5,4,5,85,1085
1118,7750,78,3,1998,120000,Petrol,110,0,Green,0,1600,5,4,5,85,1075
1119,5750,73,8,1998,115877,Petrol,110,0,White,0,1600,4,4,5,69,1035
1120,6900,76,5,1998,115345,Petrol,110,1,Red,0,1600,5,4,5,85,1070
1121,6500,71,10,1998,115157,Petrol,110,1,Black,0,1600,3,4,5,69,1050
1122,6500,78,3,1998,115000,Petrol,107,1,Red,1,1600,5,4,5,85,1100
1123,7600,77,4,1998,114258,Petrol,86,1,Blue,0,1300,5,4,5,69,1050
1124,8950,73,8,1998,112963,Diesel,72,1,Red,0,2000,5,4,5,185,1135
1125,7450,74,7,1998,112307,Petrol,110,1,Grey,0,1600,5,4,5,85,1070
1126,7350,72,9,1998,112000,Petrol,86,1,Blue,0,1300,3,4,5,69,1015
1127,7750,73,8,1998,111602,Petrol,86,1,Black,0,1300,3,4,5,69,1015
1128,7460,80,1,1998,111392,CNG,110,0,Grey,0,1598,3,4,5,197,1083
1129,9250,76,5,1998,110901,Petrol,110,1,Grey,0,1600,5,4,5,85,1085
1130,7250,80,1,1998,110887,Petrol,110,1,Green,0,1600,3,4,5,85,1055
1131,6500,72,9,1998,110634,Petrol,86,1,Blue,0,1300,3,4,5,69,1015
1132,6800,80,1,1998,110000,Petrol,110,1,Grey,0,1600,4,4,5,69,1035
1133,8700,75,6,1998,109540,Petrol,110,0,Grey,0,1600,5,4,5,85,1085
1134,7500,78,3,1998,109263,Petrol,110,0,Grey,0,1600,5,4,5,85,1070
1135,7750,71,10,1998,107516,Petrol,110,1,Black,0,1600,3,4,5,69,1050
1136,7950,73,8,1998,107108,Petrol,110,1,Grey,0,1600,3,4,5,69,1050
1137,9950,75,6,1998,107000,Petrol,110,1,Grey,0,1600,3,4,5,69,1050
1138,6640,74,7,1998,106250,Petrol,110,0,Green,0,1600,5,4,5,85,1070
1139,8750,71,10,1998,106150,Petrol,86,0,Black,0,1300,3,4,5,19,1015
1140,7750,72,9,1998,106108,Petrol,110,1,Blue,0,1600,3,4,5,69,1050
1141,5950,72,9,1998,105856,Petrol,86,0,White,0,1300,3,4,5,69,1015
1142,6750,77,4,1998,105152,Petrol,86,0,Green,0,1300,3,4,5,69,1015
1143,6500,80,1,1998,105135,Petrol,110,1,Silver,0,1600,3,4,5,69,1050
1144,8750,76,5,1998,104344,Petrol,110,1,Green,0,1600,3,4,5,69,1050
1145,7950,74,7,1998,104150,Petrol,110,1,Blue,0,1600,3,4,5,69,1050
1146,6750,74,7,1998,104000,Petrol,86,1,Grey,0,1300,3,4,5,69,1010
1147,7950,73,8,1998,103121,Petrol,86,1,Grey,0,1300,5,4,5,69,1035
1148,7950,80,1,1998,102300,Petrol,86,1,Blue,0,1300,3,4,5,69,1015
1149,8950,75,6,1998,102005,Petrol,107,1,Grey,1,1600,5,4,5,85,1105
1150,7750,77,4,1998,102000,Petrol,86,1,Blue,0,1300,3,4,5,69,1015
1151,6450,75,6,1998,101855,Petrol,110,1,Grey,0,1600,5,4,5,85,1070
1152,6900,74,7,1998,101773,Petrol,110,0,Grey,0,1600,3,4,5,69,1050
1153,8450,75,6,1998,101159,Petrol,110,1,Red,0,1600,5,4,5,85,1085
1154,6750,74,7,1998,101000,Petrol,86,0,Grey,0,1300,3,4,5,19,1015
1155,8050,74,7,1998,100732,Petrol,86,1,Blue,1,1300,4,4,5,69,1030
1156,9500,79,2,1998,100719,Petrol,110,0,Red,0,1600,5,4,5,85,1070
1157,7750,78,3,1998,100487,Petrol,110,0,Red,0,1600,4,4,5,69,1035
1158,8500,80,1,1998,100458,Petrol,110,0,Blue,0,1600,5,4,5,85,1085
1159,7795,75,6,1998,100192,Petrol,110,1,Black,0,1600,3,4,5,69,1050
1160,6490,80,1,1998,100123,Petrol,110,1,Black,0,1600,3,4,5,69,1050
1161,7950,73,8,1998,99971,Petrol,110,1,Grey,0,1600,3,4,5,69,1050
1162,6425,79,2,1998,99397,Petrol,86,0,Blue,0,1300,5,4,5,69,1035
1163,8950,69,12,1998,99374,Petrol,86,1,Blue,0,1300,5,4,5,69,1035
1164,6950,72,9,1998,99245,Petrol,110,1,Red,0,1600,5,4,5,19,1114
1165,8750,79,2,1998,98742,Petrol,110,0,Silver,0,1600,5,4,5,85,1085
1166,8450,71,10,1998,98154,Petrol,110,1,Black,0,1600,3,4,5,69,1050
1167,7950,77,4,1998,98000,Petrol,110,1,Green,0,1600,5,4,5,19,1065
1168,7950,80,1,1998,97548,Petrol,86,0,White,0,1300,5,4,5,69,1035
1169,8900,78,3,1998,97534,Petrol,110,1,Grey,0,1600,5,4,5,85,1070
1170,8950,73,8,1998,97494,Petrol,110,1,Silver,0,1600,5,4,5,85,1085
1171,8900,73,8,1998,97085,Petrol,110,1,Grey,0,1600,5,4,5,85,1085
1172,7950,69,12,1998,97000,Petrol,110,0,Green,0,1600,4,4,5,69,1035
1173,6495,74,7,1998,96302,Petrol,86,1,Blue,0,1300,3,4,5,69,1015
1174,7250,78,3,1998,96000,Petrol,86,1,Black,0,1300,3,4,5,69,1015
1175,9250,74,7,1998,96000,Petrol,110,1,Black,0,1600,5,4,5,85,1085
1176,6650,78,3,1998,95909,Petrol,110,1,Black,0,1600,5,4,5,85,1070
1177,6990,79,2,1998,95700,Petrol,110,0,Red,0,1600,5,4,5,85,1085
1178,7750,78,3,1998,95651,Petrol,110,1,Blue,0,1600,5,4,5,85,1070
1179,6950,79,2,1998,95000,Petrol,86,1,Grey,0,1300,5,4,5,69,1035
1180,7250,80,1,1998,94447,Petrol,110,0,Red,0,1600,3,4,5,69,1050
1181,9950,80,1,1998,94079,Petrol,110,1,Grey,0,1600,5,4,5,85,1085
1182,9250,80,1,1998,93841,Petrol,110,0,Silver,0,1600,5,4,5,85,1070
1183,7200,79,2,1998,93090,Petrol,86,1,Silver,0,1300,5,4,5,69,1035
1184,8250,72,9,1998,93066,Petrol,110,1,Grey,0,1600,5,4,5,85,1075
1185,8950,79,2,1998,93039,Petrol,110,1,Blue,0,1600,3,4,5,69,1050
1186,8250,77,4,1998,93000,Petrol,110,1,Green,0,1600,5,4,5,85,1075
1187,6250,80,1,1998,92830,Petrol,86,1,Silver,0,1300,3,4,5,69,1015
1189,9900,80,1,1998,92255,Petrol,107,0,Grey,1,1600,5,4,5,85,1105
1190,7300,80,1,1998,92096,Petrol,86,1,Red,0,1300,5,4,5,69,1035
1191,8950,72,9,1998,91921,Petrol,86,1,Blue,0,1300,3,4,5,69,1020
1192,6500,70,11,1998,91900,Petrol,86,1,Silver,0,1300,3,4,5,69,1015
1193,7950,78,3,1998,91399,Petrol,110,1,Blue,0,1600,5,4,5,85,1070
1194,7450,75,6,1998,91082,Petrol,110,1,Silver,0,1600,3,4,5,69,1050
1195,7950,71,10,1998,90370,Petrol,86,1,Blue,0,1300,5,4,5,69,1035
1196,8500,78,3,1998,90345,Petrol,86,1,Silver,0,1300,5,4,5,69,1035
1197,6950,77,4,1998,90305,Petrol,86,1,Grey,0,1300,3,4,5,69,1015
1198,7950,78,3,1998,90011,Petrol,86,0,Green,1,1300,3,4,5,69,1045
1199,6750,77,4,1998,90000,Petrol,86,1,Green,0,1300,3,4,5,69,1015
1200,8450,70,11,1998,89983,Petrol,110,0,Red,0,1600,3,4,5,85,1055
1201,7500,78,3,1998,89953,Petrol,110,0,Green,0,1600,5,4,5,19,1114
1202,8750,74,7,1998,89800,Diesel,72,1,Grey,0,2000,3,4,5,185,1115
1203,8750,79,2,1998,89739,Petrol,86,1,Blue,0,1300,5,4,5,69,1035
1204,8950,76,5,1998,89520,Petrol,110,1,Blue,0,1600,3,4,5,69,1050
1205,7450,75,6,1998,89507,Petrol,86,0,Green,0,1300,3,4,5,69,1015
1206,9200,69,12,1998,89096,Petrol,110,1,Red,0,1600,5,4,5,85,1085
1207,8950,74,7,1998,88700,Petrol,110,1,Blue,0,1600,3,4,5,69,1050
1208,7850,72,9,1998,88500,Petrol,110,1,Blue,0,1600,5,4,5,85,1075
1209,6950,73,8,1998,88186,Diesel,72,1,Blue,0,2000,3,4,5,185,1115
1210,7200,75,6,1998,88000,Petrol,110,1,Silver,0,1600,3,4,5,69,1050
1211,7450,78,3,1998,87743,Petrol,110,0,Black,0,1600,3,4,5,85,1055
1212,6750,75,6,1998,87613,Petrol,86,0,Grey,0,1300,3,4,5,69,1015
1213,7500,73,8,1998,87358,Petrol,110,1,Black,0,1600,3,4,5,69,1050
1214,7450,72,9,1998,87083,Petrol,110,0,Red,0,1600,4,4,5,69,1035
1215,7950,70,11,1998,87000,Petrol,110,1,Silver,0,1600,4,4,5,69,1035
1216,7250,78,3,1998,87000,Petrol,110,1,Blue,0,1600,4,4,5,69,1035
1217,7950,73,8,1998,87000,Petrol,86,1,Red,0,1300,3,4,5,69,1015
1218,8250,80,1,1998,87000,Petrol,86,1,Black,0,1300,3,4,5,69,1015
1219,8250,72,9,1998,86860,Petrol,110,0,Green,0,1600,5,4,5,85,1075
1220,6750,80,1,1998,86109,Petrol,110,1,Grey,0,1600,3,4,5,85,1055
1221,8750,79,2,1998,86000,Petrol,86,1,Green,0,1300,5,4,5,69,1040
1222,8950,80,1,1998,86000,Petrol,110,0,Green,0,1600,3,4,5,19,1050
1223,8500,70,11,1998,85864,Diesel,72,1,Green,0,2000,5,4,5,185,1135
1224,8250,80,1,1998,85565,Petrol,110,0,Blue,0,1600,5,4,5,85,1070
1225,9450,70,11,1998,85470,Petrol,107,0,Red,1,1600,3,4,5,85,1080
1226,7950,73,8,1998,85200,Petrol,110,1,Silver,0,1600,3,4,5,69,1050
1227,7900,70,11,1998,85000,Petrol,110,1,Blue,0,1600,3,4,5,85,1055
1228,8500,73,8,1998,84988,Petrol,110,1,Black,0,1600,3,4,5,69,1050
1229,8250,79,2,1998,84966,Petrol,110,0,White,0,1600,5,4,5,85,1070
1230,8250,76,5,1998,84472,Petrol,110,1,Black,0,1600,5,4,5,85,1070
1231,8950,73,8,1998,84402,Petrol,110,1,Red,0,1600,4,4,5,69,1035
1232,7950,74,7,1998,84123,Petrol,110,0,Black,0,1600,3,4,5,69,1050
1233,6950,80,1,1998,84000,Petrol,110,0,Blue,0,1600,5,4,5,85,1075
1234,7250,78,3,1998,84000,Petrol,110,1,Red,0,1600,5,4,5,19,1065
1235,7750,77,4,1998,84000,Petrol,110,1,Grey,0,1600,5,4,5,85,1085
1236,8700,75,6,1998,83850,Petrol,110,1,Blue,0,1600,3,4,5,85,1055
1237,8950,80,1,1998,83540,Petrol,110,1,Green,0,1600,5,4,5,85,1070
1238,6750,76,5,1998,83405,Petrol,110,1,Grey,0,1600,5,4,5,85,1070
1239,7500,71,10,1998,83291,Petrol,110,1,Green,0,1600,5,4,5,85,1070
1240,7950,69,12,1998,83133,Petrol,86,0,Black,0,1300,3,4,5,69,1015
1241,8950,71,10,1998,83047,Petrol,86,1,Black,1,1300,3,4,5,69,1045
1242,7950,71,10,1998,82700,Petrol,110,0,Blue,0,1600,3,4,5,69,1050
1243,7450,78,3,1998,82675,Petrol,86,0,White,0,1300,3,4,5,69,1015
1244,5950,78,3,1998,82595,Petrol,86,1,Blue,0,1300,3,4,5,19,1015
1245,7750,75,6,1998,82256,Petrol,110,1,Blue,0,1600,3,4,5,69,1050
1246,6950,77,4,1998,82103,Petrol,86,1,Grey,0,1300,3,4,5,69,1015
1247,8750,80,1,1998,82021,Petrol,86,1,Grey,0,1300,5,4,5,69,1035
1248,8950,71,10,1998,82000,Petrol,110,1,Green,0,1600,5,4,5,85,1075
1249,7495,79,2,1998,81988,Petrol,110,1,Grey,0,1600,5,4,5,85,1070
1250,7750,76,5,1998,81930,Petrol,110,0,Blue,0,1600,5,4,5,85,1070
1251,6950,70,11,1998,81663,Petrol,110,0,Blue,0,1600,3,4,5,69,1050
1252,7990,77,4,1998,80486,Petrol,110,1,Blue,0,1600,5,4,5,85,1070
1253,7250,78,3,1998,80000,Petrol,110,1,Blue,0,1600,4,4,5,19,1065
1254,6900,69,12,1998,79000,Petrol,86,0,Grey,0,1300,3,4,5,69,1015
1255,7750,74,7,1998,78894,Petrol,110,0,Black,0,1600,5,4,5,85,1070
1256,7250,78,3,1998,78689,Petrol,110,0,Grey,0,1600,4,4,5,69,1035
1257,8950,77,4,1998,78435,Petrol,86,0,Red,0,1300,3,4,5,69,1015
1258,8500,71,10,1998,78260,Petrol,110,0,Blue,0,1600,3,4,5,69,1050
1259,7950,72,9,1998,78120,Petrol,110,1,Blue,0,1600,5,4,5,85,1075
1260,6950,77,4,1998,77000,Petrol,86,0,Green,0,1300,3,4,5,19,1015
1261,8000,78,3,1998,77000,Petrol,110,0,Red,0,1600,3,4,5,69,1050
1262,7950,75,6,1998,76382,Petrol,110,1,Green,0,1600,3,4,5,85,1055
1263,8500,76,5,1998,76268,Petrol,86,1,Green,0,1300,3,4,5,69,1015
1264,7490,73,8,1998,76151,Petrol,86,1,Black,0,1300,3,4,5,69,1015
1265,8250,80,1,1998,76000,Petrol,110,0,Red,0,1600,3,4,5,69,1050
1266,9250,71,10,1998,76000,Petrol,110,1,Blue,0,1600,5,4,5,85,1070
1267,7950,72,9,1998,75840,Petrol,86,0,Blue,0,1300,5,4,5,69,1035
1268,9500,77,4,1998,75799,Petrol,110,1,Black,0,1600,3,4,5,19,1050
1269,8950,72,9,1998,75525,Petrol,110,1,Blue,0,1600,3,4,5,19,1114
1270,8450,78,3,1998,75323,Petrol,86,1,Red,0,1300,5,4,5,69,1050
1271,7995,79,2,1998,75322,Petrol,110,1,Green,0,1600,4,4,5,85,1115
1272,8750,78,3,1998,75226,Petrol,110,0,Red,0,1600,4,4,5,69,1035
1273,5950,71,10,1998,75085,Petrol,86,0,Blue,0,1300,5,4,5,69,1035
1274,8500,73,8,1998,75000,Petrol,110,0,Grey,0,1600,5,4,5,85,1075
1275,8950,69,12,1998,75000,Petrol,86,1,Blue,0,1300,4,4,5,69,1000
1276,8750,69,12,1998,75000,Petrol,86,1,Red,0,1300,4,4,5,69,1000
1277,7600,78,3,1998,74926,Petrol,110,1,Silver,0,1600,5,4,5,85,1075
1278,7145,80,1,1998,74785,Petrol,110,1,Red,0,1600,5,4,5,85,1070
1279,8450,69,12,1998,74573,Petrol,110,1,Blue,0,1600,5,4,5,85,1085
1280,5950,75,6,1998,74567,Petrol,86,1,Red,0,1300,3,4,5,19,1015
1281,9000,80,1,1998,74196,Petrol,110,0,Blue,0,1600,5,4,5,85,1075
1282,7250,80,1,1998,74151,Petrol,110,1,Red,0,1600,3,4,5,69,1050
1283,7400,75,6,1998,74096,Petrol,110,1,Black,0,1600,3,4,5,69,1050
1284,8800,79,2,1998,74093,Petrol,110,1,Silver,0,1600,5,4,5,85,1075
1285,7750,71,10,1998,74000,Petrol,110,0,Blue,0,1600,3,4,5,69,1050
1286,7500,75,6,1998,74000,Petrol,86,1,Black,0,1300,3,4,5,69,1015
1287,8450,78,3,1998,73638,Petrol,86,1,Grey,1,1300,4,4,5,19,1015
1288,7400,75,6,1998,73460,Petrol,110,1,Blue,0,1600,5,4,5,85,1070
1289,7500,80,1,1998,73200,Petrol,110,1,Black,0,1600,5,4,5,85,1070
1290,8950,76,5,1998,73116,Petrol,110,1,Green,0,1600,5,4,5,85,1075
1291,8950,70,11,1998,73014,Petrol,110,1,Blue,0,1600,5,4,5,85,1075
1292,7950,77,4,1998,72703,Petrol,110,1,Blue,0,1600,3,4,5,69,1050
1293,7950,79,2,1998,72328,Petrol,110,1,Silver,0,1600,5,4,5,85,1075
1294,7950,78,3,1998,72222,Petrol,110,1,Red,0,1600,5,4,5,85,1070
1295,8950,71,10,1998,72128,Petrol,107,1,Grey,1,1600,5,4,5,85,1100
1296,7750,78,3,1998,72090,Petrol,110,1,Red,0,1600,5,4,5,85,1070
1297,8250,78,3,1998,72000,Petrol,110,1,Green,0,1600,4,4,5,69,1035
1298,7950,78,3,1998,72000,Petrol,110,0,Grey,0,1600,3,4,5,85,1055
1299,7750,77,4,1998,71900,Petrol,86,1,Green,0,1300,3,4,5,69,1015
1300,8500,77,4,1998,71825,Petrol,110,0,Grey,0,1600,5,4,5,85,1075
1301,6950,80,1,1998,71740,Petrol,110,1,Silver,0,1600,5,4,5,85,1070
1302,7500,80,1,1998,71500,Petrol,110,1,Grey,0,1600,4,4,5,69,1035
1303,7750,79,2,1998,71359,Petrol,110,1,Grey,0,1600,3,4,5,69,1050
1304,5950,79,2,1998,71263,Petrol,86,0,Red,0,1300,3,4,5,69,1015
1305,7500,78,3,1998,71186,Petrol,110,0,Green,0,1600,3,4,5,69,1050
1306,8950,72,9,1998,71054,Petrol,86,0,Red,1,1300,3,4,5,69,1045
1307,7950,76,5,1998,71000,Petrol,110,1,Green,0,1600,3,4,5,69,1050
1308,6900,80,1,1998,70939,Petrol,110,1,Red,1,1600,5,4,5,85,1100
1309,7450,77,4,1998,70932,Petrol,110,1,Black,0,1600,3,4,5,69,1050
1310,8500,80,1,1998,70597,Petrol,107,1,Grey,1,1600,3,4,5,85,1080
1311,7500,73,8,1998,70482,Petrol,110,1,Red,0,1600,5,4,5,19,1075
1312,8750,77,4,1998,70124,Petrol,110,1,Blue,0,1600,3,4,5,69,1050
1313,7500,76,5,1998,70039,Petrol,110,1,Grey,0,1600,3,4,5,69,1050
1314,9950,80,1,1998,69904,Petrol,110,0,Blue,0,1600,5,4,5,85,1070
1315,7950,75,6,1998,69388,Petrol,86,0,Blue,0,1300,3,4,5,69,1010
1316,9950,75,6,1998,69320,Petrol,110,1,Red,0,1600,5,4,5,85,1070
1317,9250,78,3,1998,69000,Petrol,110,1,Grey,0,1600,5,4,5,85,1075
1318,9250,73,8,1998,68988,Petrol,86,1,Grey,0,1300,5,4,5,69,1035
1319,9950,79,2,1998,68945,Petrol,110,1,Grey,0,1600,5,4,5,85,1085
1320,5950,74,7,1998,68285,Petrol,110,1,Blue,0,1600,3,4,5,69,1050
1321,7995,76,5,1998,68000,Petrol,110,1,Black,0,1600,5,4,5,85,1075
1322,8950,70,11,1998,68000,Petrol,86,1,Black,1,1300,3,4,5,69,1045
1323,7450,75,6,1998,67451,Petrol,86,1,Red,0,1300,4,4,5,69,1000
1324,8250,76,5,1998,67266,Petrol,86,1,Blue,0,1300,5,4,5,69,1035
1325,8500,78,3,1998,67255,Petrol,110,0,Red,0,1600,5,4,5,85,1085
1326,8500,70,11,1998,67100,Petrol,110,1,Grey,0,1600,5,4,5,85,1075
1327,9400,69,12,1998,67092,Diesel,72,1,Green,0,2000,3,4,5,185,1115
1328,7250,80,1,1998,66880,Petrol,110,1,Black,0,1600,3,4,5,85,1055
1329,8950,79,2,1998,66855,Petrol,110,1,Red,0,1600,5,4,5,85,1075
1330,9450,80,1,1998,66843,Petrol,110,1,Blue,0,1600,5,4,5,85,1075
1331,8500,74,7,1998,66718,Petrol,110,1,Blue,0,1600,3,4,5,69,1050
1332,6750,80,1,1998,66168,Petrol,86,1,Blue,0,1300,3,4,5,69,1015
1333,7400,80,1,1998,65950,Petrol,110,0,Black,0,1600,5,4,5,85,1070
1334,8950,78,3,1998,65500,Petrol,86,1,Black,0,1300,3,4,5,69,1015
1335,6900,80,1,1998,65307,Petrol,110,1,Blue,0,1600,3,4,5,85,1055
1336,7750,79,2,1998,65254,Petrol,86,1,Black,0,1300,3,4,5,69,1015
1337,8950,71,10,1998,65021,Diesel,72,1,Black,0,2000,3,4,5,185,1115
1338,6950,75,6,1998,65006,Petrol,86,1,Green,0,1300,3,4,5,69,1015
1339,8495,77,4,1998,64280,Petrol,110,0,Red,0,1600,4,4,5,69,1035
1340,10000,75,6,1998,64000,Petrol,107,0,Green,1,1600,3,4,5,85,1085
1341,6999,71,10,1998,64000,Petrol,110,1,Green,0,1600,5,4,5,85,1070
1342,8950,80,1,1998,64000,Petrol,110,0,Black,0,1600,3,4,5,85,1055
1343,8500,79,2,1998,63918,Petrol,110,0,Silver,0,1600,4,4,5,69,1035
1344,8750,75,6,1998,63634,Petrol,110,1,Blue,0,1600,4,4,5,69,1035
1345,7499,80,1,1998,63500,Petrol,110,1,Blue,0,1600,3,4,5,69,1050
1346,9000,80,1,1998,63266,Petrol,110,1,Green,0,1600,4,4,5,69,1035
1347,8950,77,4,1998,62595,Petrol,110,1,Green,0,1600,3,4,5,69,1050
1348,6950,80,1,1998,62581,Petrol,110,0,Green,0,1600,5,4,5,85,1075
1349,8500,77,4,1998,62285,Petrol,110,1,Red,0,1600,5,4,5,85,1075
1350,8450,77,4,1998,61906,Petrol,86,1,Silver,1,1300,5,4,5,85,1065
1351,8950,74,7,1998,61700,Petrol,110,0,Blue,0,1600,5,4,5,85,1070
1352,8250,77,4,1998,61648,Petrol,110,1,Blue,0,1600,5,4,5,85,1070
1353,7950,75,6,1998,61626,Petrol,86,0,Red,0,1300,5,4,5,69,1035
1354,7450,70,11,1998,61510,Petrol,110,0,Blue,0,1600,4,4,5,69,1035
1355,9000,79,2,1998,61165,Petrol,107,1,Red,1,1600,3,4,5,85,1080
1356,7150,70,11,1998,61000,Petrol,110,1,Red,0,1600,4,4,5,69,1035
1357,7750,76,5,1998,60833,Petrol,110,1,Blue,0,1600,4,4,5,69,1035
1358,5845,70,11,1998,60600,Petrol,86,0,White,0,1300,3,4,5,85,1060
1359,8500,72,9,1998,60483,Petrol,110,1,Grey,0,1600,5,4,5,85,1075
1360,8250,80,1,1998,60476,Petrol,110,1,Grey,0,1600,5,4,5,19,1114
1361,9450,79,2,1998,60142,Petrol,110,0,Silver,0,1600,3,4,5,69,1050
1362,6750,69,12,1998,60050,Petrol,110,1,Grey,0,1600,3,4,5,69,1050
1363,8400,77,4,1998,60000,Petrol,110,1,Green,0,1600,3,4,5,69,1050
1364,7900,76,5,1998,60000,Petrol,110,0,Green,0,1600,3,4,5,69,1050
1365,7950,76,5,1998,59815,Petrol,110,1,Silver,0,1587,3,4,5,85,1055
1366,8750,80,1,1998,59326,Petrol,110,1,Green,0,1600,5,4,5,85,1085
1367,9900,73,8,1998,59240,Petrol,110,1,Blue,0,1600,3,4,5,69,1050
1368,6495,71,10,1998,59164,Petrol,110,0,Blue,0,1600,4,4,5,69,1035
1369,8250,70,11,1998,59017,Petrol,107,1,Green,1,1600,3,4,5,85,1080
1370,6900,69,12,1998,58952,Petrol,110,1,Grey,0,1600,3,4,5,69,1050
1371,7500,74,7,1998,58454,Petrol,86,1,Grey,0,1300,3,4,5,69,1015
1372,7950,75,6,1998,58341,Petrol,86,1,Blue,1,1300,4,4,5,69,1030
1373,8250,80,1,1998,58267,Petrol,110,1,Green,0,1600,5,4,5,85,1070
1374,8950,80,1,1998,58000,Petrol,110,0,Red,0,1600,3,4,5,85,1055
1375,9750,70,11,1998,57829,Petrol,110,0,Grey,0,1600,3,4,5,19,1050
1376,8250,80,1,1998,57787,Petrol,86,0,Blue,0,1300,3,4,5,69,1015
1377,8900,78,3,1998,57628,Petrol,110,0,White,0,1600,5,4,5,85,1075
1378,8950,75,6,1998,57537,Petrol,86,1,Grey,0,1300,5,4,5,69,1050
1379,6750,76,5,1998,57263,Petrol,110,1,Green,0,1600,3,4,5,69,1050
1380,7950,75,6,1998,57144,Petrol,110,1,Green,0,1600,5,4,5,85,1070
1381,8600,69,12,1998,57096,Petrol,86,1,Blue,0,1300,3,4,5,69,1025
1382,7750,80,1,1998,57000,Petrol,86,0,Blue,0,1300,4,4,5,69,1000
1383,7800,73,8,1998,56566,Petrol,110,1,Black,0,1600,3,4,5,69,1050
1384,8750,73,8,1998,56307,Petrol,110,1,Grey,0,1600,3,4,5,69,1050
1385,9500,79,2,1998,56214,Petrol,86,0,Green,0,1300,3,4,5,69,1015
1386,7750,74,7,1998,56132,Petrol,110,0,White,0,1600,4,4,5,69,1035
1387,9950,79,2,1998,55425,Petrol,110,0,Red,0,1600,5,4,5,85,1075
1388,7750,77,4,1998,54439,Petrol,86,1,Red,0,1300,3,4,5,69,1015
1389,5950,69,12,1998,53809,Petrol,110,1,Grey,0,1600,3,4,5,69,1050
1390,10950,76,5,1998,53133,Petrol,110,1,Green,0,1600,5,4,5,85,1070
1391,9450,77,4,1998,52900,Petrol,110,1,Green,0,1600,4,4,5,19,1075
1392,8250,80,1,1998,52700,Petrol,110,0,Red,0,1600,3,4,5,69,1050
1393,9750,69,12,1998,52320,Petrol,110,0,Red,0,1600,5,4,5,85,1070
1394,7450,78,3,1998,52287,Petrol,110,0,Grey,0,1600,5,4,5,19,1114
1395,8750,75,6,1998,52000,Petrol,110,0,Red,0,1600,5,4,5,19,1075
1396,8750,69,12,1998,52000,Petrol,110,1,Blue,0,1600,3,4,5,69,1050
1397,8500,73,8,1998,52000,Petrol,110,1,Green,1,1600,4,4,5,85,1065
1398,8950,70,11,1998,51874,Petrol,86,0,Blue,0,1300,4,4,5,69,1000
1399,7500,79,2,1998,49827,Petrol,86,1,Green,0,1300,5,4,5,69,1035
1400,7250,69,12,1998,49640,Petrol,110,1,Red,0,1600,4,4,5,69,1035
1401,7450,80,1,1998,49580,Petrol,110,1,Red,0,1600,4,4,5,69,1035
1402,8750,76,5,1998,49170,Petrol,86,0,Red,0,1300,3,4,5,69,1045
1403,9800,77,4,1998,48838,Petrol,110,0,Grey,0,1600,3,4,5,85,1055
1404,7500,71,10,1998,48576,Petrol,86,1,Green,0,1300,3,4,5,69,1015
1405,8950,75,6,1998,48400,Petrol,110,1,Grey,0,1600,5,4,5,85,1075
1406,8950,74,7,1998,48242,Petrol,86,1,Blue,0,1300,5,4,5,69,1035
1407,7450,70,11,1998,47955,Petrol,110,1,Silver,0,1600,5,4,5,85,1070
1408,8950,71,10,1998,47633,Petrol,110,1,Green,0,1600,5,4,5,85,1075
1409,10500,78,3,1998,47400,Petrol,86,1,Grey,0,1300,5,4,5,69,1040
1410,7000,73,8,1998,47360,Petrol,86,0,Grey,0,1300,3,4,5,69,1010
1411,8500,77,4,1998,45507,Petrol,110,1,Green,0,1600,3,4,5,69,1050
1412,7750,76,5,1998,45410,Petrol,86,1,Blue,0,1300,5,4,5,69,1035
1413,8950,70,11,1998,44850,Petrol,110,1,Blue,0,1600,3,4,5,69,1050
1414,8250,69,12,1998,44826,Petrol,110,0,Red,0,1600,5,4,5,85,1075
1415,9250,80,1,1998,44444,Petrol,110,1,Blue,0,1600,3,4,5,69,1050
1416,7900,75,6,1998,43720,Petrol,110,1,Grey,0,1600,5,4,5,85,1070
1417,8500,78,3,1998,43622,Petrol,86,1,Grey,0,1300,4,4,5,69,1000
1418,7950,76,5,1998,43532,Petrol,110,0,White,0,1600,5,4,5,85,1070
1419,9950,69,12,1998,42800,Petrol,110,1,Black,0,1600,3,4,5,69,1050
1420,8750,74,7,1998,42317,Petrol,107,1,Black,1,1600,5,4,5,85,1100
1421,7500,80,1,1998,42186,Petrol,110,1,Green,0,1600,3,4,5,69,1050
1422,6950,72,9,1998,42000,Petrol,110,1,Red,0,1600,3,4,5,69,1050
1423,8950,79,2,1998,40093,Petrol,110,0,Red,0,1600,5,4,5,19,1114
1424,8750,79,2,1998,39800,Petrol,107,0,Green,1,1600,3,4,5,85,1080
1425,7750,73,8,1998,39168,Petrol,86,0,Red,0,1300,3,4,5,69,1015
1426,8450,75,6,1998,38945,Petrol,110,1,Beige,0,1600,3,4,5,69,1050
1427,8150,76,5,1998,36537,Petrol,110,0,Red,1,1600,4,4,5,85,1075
1428,8500,78,3,1998,36000,Petrol,86,0,Green,1,1300,3,4,5,69,1045
1429,7600,78,3,1998,36000,Petrol,110,1,Blue,0,1600,3,4,5,69,1050
1430,7950,80,1,1998,35821,Petrol,86,0,Red,1,1300,3,4,5,19,1015
1431,7750,73,8,1998,34717,Petrol,86,0,Red,0,1300,3,4,5,69,1015
1432,7950,80,1,1998,34000,Petrol,86,1,Silver,0,1300,4,4,5,69,1000
1433,9950,78,3,1998,30964,Petrol,110,0,Silver,1,1600,3,4,4,85,1080
1434,8950,71,10,1998,29000,Petrol,86,1,Blue,1,1300,3,4,5,69,1045
1435,8450,72,9,1998,26000,Petrol,86,0,White,0,1300,3,4,5,69,1015
1436,8950,78,3,1998,24000,Petrol,86,1,Green,1,1300,5,4,5,85,1065
1437,8450,80,1,1998,23000,Petrol,86,0,Blue,0,1300,3,4,5,69,1015
1438,7500,69,12,1998,20544,Petrol,86,1,Blue,0,1300,3,4,5,69,1025
1439,10845,72,9,1998,19000,Petrol,86,0,Grey,0,1300,3,4,5,69,1015
1440,8500,71,10,1998,17016,Petrol,86,0,Blue,0,1300,3,4,5,69,1015
1441,7250,70,11,1998,16916,Petrol,86,1,Grey,0,1300,3,4,5,69,1015
1442,6950,76,5,1998,1,Petrol,110,0,Green,0,1600,5,4,5,19,1114
